module	path	sha256	sourceResolution	directImportCount
AlphaFocusedSupport	AlphaFocusedSupport.lean	987264A3DE8455D19FCDAC3E9271FB264A06E4447DF73CC4FC87D16DAC05312B	same-directory	4
AlphaTransport	AlphaTransport.lean	D464620EC144381FB7F44B70152B0974531EF427F75E409EBE348D89D8F080B9	receipt-resource-exact	3
AlphaTransportFV	AlphaTransportFV.lean	5ECCD27BD3D6111390E1077B94FAF5E20DFE63C77679B0D50DF52ADE72786E6D	unique-workspace-basename	3
BoundedNominalLoweringBridgeDev004	BoundedNominalLoweringBridgeDev004.lean	1A9858C34648F6F90F45A4C1F94F210BDC10D4F18B80F7BA924DB597F8D020D6	unique-workspace-basename	3
ClassBoundaryBiimpDev009	ClassBoundaryBiimpDev009.lean	5234B2CC27532AAD2F45BADED76738425DE49986853AE897E059531CE17F4D51	unique-workspace-basename	3
ClassBoundaryCoreDev006	ClassBoundaryCoreDev006.lean	D53D623434BEA60377670FF098A3561DFC00768D9EC82D9928DAA6C0E15FF405	unique-workspace-basename	3
ClassBoundaryNormalizationDev005	ClassBoundaryNormalizationDev005.lean	5A0FA59054FD359E9712A19043D2499A25B03E6910D69531AD615AE6DC8837AF	unique-workspace-basename	3
ClassBoundaryRawHandlersDev010	ClassBoundaryRawHandlersDev010.lean	2B95C7DFF1B1D43E266F5CEEC184E6463D64CF6D94B6D257CB3754423687D012	unique-workspace-basename	3
CompactSourceSyntax	CompactSourceSyntax.lean	0EB8A4D1E7919925D60BCA88CC5663D1CC6ACFDC4B65DE8DA37D6906F71D02F8	receipt-resource-exact	3
CompactSyntaxFV	CompactSyntaxFV.lean	590A8FA18647FE89EBC6B5E2D9931453B920E49B9A447F8C336B23924F77708C	same-directory	3
CompactSyntaxFVDisable	CompactSyntaxFVDisable.lean	300601DF863D77998D8342DB856DC633A20741FDE9A6D57897D5FB7170454100	same-directory	4
CompactSyntaxFVExplicit	CompactSyntaxFVExplicit.lean	A2BF6E0CAB41B42A6B5B443C6071BEADA37A17433E46C6B0DDE32707C66093C5	same-directory	3
CoreFVSimp	CoreFVSimp.lean	4895419F6D462A9DF170D197264E15FCC2CFE9E3413D3C186234A59239B1C78A	same-directory	3
DefinitionLeaves.Basic	DefinitionLeaves/Basic.lean	B5B1F9B37B958FA6238699B7CF79011FFF77D33508E26EEAF613734881A6FE86	receipt-resource-exact	3
FocusedFVPaths	FocusedFVPaths.lean	9F24F6E846BE1FA3FBEC5A23B5D5A5BDA2490C38531110A3D6F50371DFF0ECFA	same-directory	7
GenericLogicalHandlers	GenericLogicalHandlers.lean	5B62D153221C3E6DDB9AB95F30DF605634980F3C8D3A0E9CA5D05E974ECAB029	unique-workspace-basename	3
NA50WN14DPart001	NA50WN14DPart001.lean	9B804C9EBB17EEBF50E9911049E49CD8CAFE258249B6705A14FE8E708CF08AFA	receipt-resource-exact	11
NA50WN14DPart002	NA50WN14DPart002.lean	3DDC7804D834C307E6685C79FD511E02831ABDA71D50710793FCCE654A9025AB	receipt-resource-exact	3
NA50WN14DPart003	NA50WN14DPart003.lean	72D953253D97B9BC42F5BD652E320A4F3A8233951C4981049207C871CA382F72	receipt-resource-exact	3
NA50WN14DPart004	NA50WN14DPart004.lean	38DD42D5D7DB3D06C5CF16BB25185602F892819CBA59448AAD8EBA200A9E912C	receipt-resource-exact	3
NA50WN14DPart005	NA50WN14DPart005.lean	0A66F8322644D84A119B7E17470510D81EC09440D91140E03BA4C912BFE513E5	receipt-resource-exact	3
NA50WN14DPart006	NA50WN14DPart006.lean	E3F8A12C28E832F0A332C540307F9CFD1E9027E4AF3790231C6B2AEB95877DD7	receipt-resource-exact	3
NA50WN14DPart007	NA50WN14DPart007.lean	70D482D0DF00CC2D37E153A6FC639A505EC9ACC3C86ABC653C3BD243143C77E9	receipt-resource-exact	3
NA50WN14DPart008	NA50WN14DPart008.lean	162D005283E73003C4C8E816CDD9450817183730EECC0EE4EAADB37382EFC67E	receipt-resource-exact	3
NA50WN14DPart009	NA50WN14DPart009.lean	9A9797865D80C673457B5EF9C16655851632B9E8A5BC282A568FD4D0688EC17F	receipt-resource-exact	3
NA50WN14DPart010	NA50WN14DPart010.lean	4AC68AF73E8599A8562CA0AD64E6541CB53E470DFA35D96D489B82A0F17E4246	receipt-resource-exact	3
NA50WN14DPart011	NA50WN14DPart011.lean	8A3A8ED78FF0C718AFAADE636F4F153AB0CF783523CB60D3BC91CD50D0223C2F	receipt-resource-exact	3
NA50WN14DPart012	NA50WN14DPart012.lean	78FE35114C6EBF376DCC30A6164372AD5B3C580D51B4E929E4A0D0665785185D	receipt-resource-exact	3
NA50WN14DPart013	NA50WN14DPart013.lean	4D5B7041E0B9B2D68D34F4624B68E8CF8AFEACC6D1552FB4825033A499EE51B1	receipt-resource-exact	3
NA50WN14DPart014	NA50WN14DPart014.lean	76CD830F859BFDF125EBD095519324EC14C78DFA32AC701FFF76729A8E126A77	receipt-resource-exact	3
NA50WN14DPart015	NA50WN14DPart015.lean	A9DE5C1483E81C357755E584635FD6D3FAE4AB008D6728466C18F6067E812947	receipt-resource-exact	3
NA50WN14DPart016	NA50WN14DPart016.lean	FE690E618712FA0476C0657CF4473F38982B9A0115CA32D1538098DA2F00BBFC	receipt-resource-exact	3
NA50WN14DPart017	NA50WN14DPart017.lean	0B106CFB6833B754AB6A01B8BE6795DC8EE3C92D288FCC09EFEB1DA41F93ECEF	receipt-resource-exact	3
NA50WN14DPart018	NA50WN14DPart018.lean	998DD203A9E48C5563D8F018B2458C97C3F82D985B7B06E6C81A21EDC0DBB00A	receipt-resource-exact	3
NA50WN14DPart019	NA50WN14DPart019.lean	C85C24507D305582540D98E0AD639D482E14D638BE3809246B3C8517442569E6	receipt-resource-exact	3
NA50WN14DPart020	NA50WN14DPart020.lean	DF93DB8A977872265D7C0C9BFFCFE8F29254570AB75316655D3E762DC3C61C4A	receipt-resource-exact	3
NA50WN14DPart021	NA50WN14DPart021.lean	ADE14E6C0D5BC9F3A9547C6DE2F0726D750F1DD586E43DC2DEC0E2B6093421B6	receipt-resource-exact	3
NA50WN14DPart022	NA50WN14DPart022.lean	E9E3EA242D8852036517C1544AFFD41AEDF5B759C929AAB01D459276C0AD18E6	receipt-resource-exact	3
NA50WN14DPart023	NA50WN14DPart023.lean	ABE9E4E5FAE76886FDCE463253C321345347E69C7C503681647BDEA2B41824C6	receipt-resource-exact	3
NA50WN14DPart024	NA50WN14DPart024.lean	2898106DBF86EB51C843AD27F17E3E48D8EB3D90388BB0E9038A636430F70CAD	receipt-resource-exact	3
NA50WN14DPart025	NA50WN14DPart025.lean	DE7DA22B0B52509E28FBC524B9EA6A6AED7BC5DB014E5F16E9683A6DD2B775AF	receipt-resource-exact	3
NA50WN14DPart026	NA50WN14DPart026.lean	5C4573B03A73B085715957180044AD3551089D71C67A9378274A1307C67DC8CC	receipt-resource-exact	3
NA50WN14DPart027	NA50WN14DPart027.lean	A31EB3F8805EA0BAB325F4AADD8CA5A05B51F8252692BEF9C7137786CEF48F84	receipt-resource-exact	3
NA50WN14DPart028	NA50WN14DPart028.lean	32ED0F8B2CA4C191C313048A927ACC0478302218087C220CA2234F2E917AA3BB	receipt-resource-exact	3
NA50WN14DPart029	NA50WN14DPart029.lean	BE5BFA5BF4187418E04D31E4807A89C2E325E9203AEA033ADD171B6226A5CED9	receipt-resource-exact	3
NAPD051C001Part001	NAPD051C001Part001.lean	DEB6ACF807F7AA82A92CDEAAC3C2390ECD0F31526E6805FC9EE85B0820748C06	receipt-resource-exact	11
NAPD051C001Part002	NAPD051C001Part002.lean	68B74EFF49D11AFF39C2EE8BE158F7D8E2970F6EFD835F09226022130FF25B86	receipt-resource-exact	3
NAPD051C001Part003	NAPD051C001Part003.lean	3EDD9771D00180A76767BC2B6C8CA00C5ABDC0932F23F989AE41345B45934C59	receipt-resource-exact	3
NAPD051C001Part004	NAPD051C001Part004.lean	5B2240061A1CF2B193162D06F48D45464789FC3250952F4AD456A974EA7AF4DE	receipt-resource-exact	3
NAPD051C001Part005	NAPD051C001Part005.lean	264314C5E80B8EAB27BC9BF583AE5A0D6A3B70E870B4141110479C23B5753301	receipt-resource-exact	3
NAPD051C001Part006	NAPD051C001Part006.lean	876DA9C81962EF66D2B0537C123AA7504DD8C74608D3B2A7D8A8E53253B5A80E	receipt-resource-exact	3
NAPD051C001Part007	NAPD051C001Part007.lean	7F3F06B32A199B43C22BABDF787D68B26054A0650C6D39F76D3B98E77BE616D9	receipt-resource-exact	3
NAPD051C001Part008	NAPD051C001Part008.lean	2E710245F95C61B0D9CFFA2B953E65C567260BB8AD51ECAAA1DE349CC978F929	receipt-resource-exact	3
NAPD051C001Part009	NAPD051C001Part009.lean	7E35C2EB65199DC0CE2B211805A102A4B35650CDB6AE19F579E80F70C7B5E0F4	receipt-resource-exact	3
NAPD051C001Part010	NAPD051C001Part010.lean	AFC97D167F392DDB83952C37E2F58178AE2C5F21C54358052FFD28E902EC9B49	receipt-resource-exact	3
NAPD051C001Part011	NAPD051C001Part011.lean	392694F471148D842912C8DC9CF2B3F6AA39A4D3436FDA773F1160075717819B	receipt-resource-exact	3
NAPD051C001Part012	NAPD051C001Part012.lean	738BC17CDF0C8CBEC1379DEBA96E1A097A5B40E89E03C103059D10FD8C61D127	receipt-resource-exact	3
NAPD051C001Part013	NAPD051C001Part013.lean	D761775AFB1B23737D9D9674E3EC64AB1F89F59816CC06E4FAE59DF5DE53A760	receipt-resource-exact	3
NAPD051C001Part014	NAPD051C001Part014.lean	154941092E49BFF416A9F2E9822665C25EC23B45E444C3DFBD26CC8A43D0CF1C	receipt-resource-exact	3
NAPD051C001Part015	NAPD051C001Part015.lean	D018AC8757E65CF872F080EC637EBB359629F0A95F3E71E9135AFAD5345E79BD	receipt-resource-exact	3
NAPD051C001Part016	NAPD051C001Part016.lean	BE3F880B1B28E2643ED634F64E45573A898CCB89C5C742F6C55855E05527423D	receipt-resource-exact	3
NAPD051C001Part017	NAPD051C001Part017.lean	1F208560D5E3501F93BD1586C3629B8E21723DBFF079BAE155D5F2B928DD1218	receipt-resource-exact	3
NAPD051C001Part018	NAPD051C001Part018.lean	0FC0D759763A7A82698D2DD9168519F804980F58DB44C9D30F8E56AF02D2EF7B	receipt-resource-exact	3
NAPD051C001Part019	NAPD051C001Part019.lean	A6FA30A4080D5C0DEFABFA28AE439AF8366E103820C4EEC15B0FB9A25C5C033C	receipt-resource-exact	3
NAPD051C001Part020	NAPD051C001Part020.lean	051BF6ED6FCE6E3467D0C1A7711B3C86562D27FA13494F0F932507335D2C1FBE	receipt-resource-exact	3
NAPD051C001Part021	NAPD051C001Part021.lean	6E03620B75EF59BE96138FEE5F9EF4DDA73C2AD7B58F85ED290B2F077D158F01	receipt-resource-exact	3
NAPD051C001Part022	NAPD051C001Part022.lean	90BCAD5839EF9C3D16E965C280856CD3E7DE45CFAC356F102A51BF8007591082	receipt-resource-exact	3
NAPD051C001Part023	NAPD051C001Part023.lean	B3D7387DB55B752D996F75D9641C061E9DC4C6647B6E2131EB7FF9206EC23B6D	receipt-resource-exact	3
NAPD051C001Part024	NAPD051C001Part024.lean	A94767F09BE5C57D9AD4CFA1826370410FAE8BF92711BDA05CCE053E12369E69	receipt-resource-exact	3
NAPD051C001Part025	NAPD051C001Part025.lean	A2C0A038BBF800C3C8CAF596FC416F75D23E3D7EE9B3A11AE4823B700DBFD4DB	receipt-resource-exact	3
NAPD051C001Part026	NAPD051C001Part026.lean	9787B313ADF86C895938E53CA5DBDF05376EC15009ACD6F45BCF9132F4F40F30	receipt-resource-exact	3
NAPD051C001Part027	NAPD051C001Part027.lean	6595CA2AF32510A7ACD30FACB35E6FCF3522C8FBD4131BD1529FBC2C1369F5B0	receipt-resource-exact	3
NAPD051C001Part028	NAPD051C001Part028.lean	16F348FD9A3E003A0665369A6AA31682EA496CA7E5574DCE00E65795759877CB	receipt-resource-exact	3
NAPD051C001Part029	NAPD051C001Part029.lean	75749A7839875B03AA7EC459E512D186F78AD8215C56A8749F12492B66BED042	receipt-resource-exact	3
NAR4C052C001Part001	NAR4C052C001Part001.lean	B6C0C6258A6B489ADDC743C26E121A2045DC42F337352B71B0EEB8D7A64B5B73	receipt-resource-exact	11
NAR4C052C001Part002	NAR4C052C001Part002.lean	872730CE5A367CDB8723DFC3CD19DAF1783C7021B7E15D32787BAA0CB87F0F70	receipt-resource-exact	3
NAR4C052C001Part003	NAR4C052C001Part003.lean	3503231E2C3229A3FA80CB99B8806E6DD09FBA0C95C9C7064B4B7688AFBF3A97	receipt-resource-exact	3
NAR4C052C001Part004	NAR4C052C001Part004.lean	3F503B19D12B33B287F905459A77C8F076130DCA00ADA6783024E5790161D4E5	receipt-resource-exact	3
NAR4C052C001Part005	NAR4C052C001Part005.lean	E6F3B1DC2026CBA76680309633BE3627F10E57E78F41ACB5C18BA2176940AC2D	receipt-resource-exact	3
NAR4C052C001Part006	NAR4C052C001Part006.lean	061EC07A29EA26959C7D6B6D58316201E36D9A43EBEDFA975BE52AB86DEE9BA0	receipt-resource-exact	3
NAR4C053C001Part001	NAR4C053C001Part001.lean	E5C6640610FD28BED456CB19B782F1794B88277563D8207D28EF2E1C1CC044F6	receipt-resource-exact	11
NAR4C053C001Part002	NAR4C053C001Part002.lean	F0E57F5AA27048FF6A2A7FE6ABE37DC9F1F1D308E0F1EF36B263BC8BBC84FA2D	receipt-resource-exact	3
NAR4C053C001Part003	NAR4C053C001Part003.lean	3F099E7B764FA39BA4669F09060213313DBDD2DA127E63338A83973517DAE9E5	receipt-resource-exact	3
NAR4C054C001Part001	NAR4C054C001Part001.lean	A014880C94CF28BD0474D6EE861800E130584E17F9306C35E971EBE1D661B4BC	receipt-resource-exact	11
NAR4C054C001Part002	NAR4C054C001Part002.lean	340DFF83B728278FCB006778F1A10798101ECCDAAA226705AFB15311B35E7F80	receipt-resource-exact	3
NAR4C054C001Part003	NAR4C054C001Part003.lean	23541D75119E1703E43E77DA2ED688F0E5F144B6DDAB62725935298A77DE174A	receipt-resource-exact	3
NAR4C054C001Part004	NAR4C054C001Part004.lean	DAD376D7804A000565853B2C82F2D67E89A34C9A0E8175ACE804BECFC2BA7274	receipt-resource-exact	3
NAR4C054C001Part005	NAR4C054C001Part005.lean	6D5BC3CEE181B77E741B03BCCA61D6CE130CAE1B6324D5E54733AFF6749BF03B	receipt-resource-exact	3
NAR4C054C001Part006	NAR4C054C001Part006.lean	D6BC8F198A269172117CE611EC8672927F4FCE270023F7C18E0EA99F5383311D	receipt-resource-exact	3
NAR4C055C001Part001	NAR4C055C001Part001.lean	F20FC5280438F1C5E303DF45739C9D6C1FBA09B9423065A3112EA7402A1B4E83	receipt-resource-exact	11
NAR4C055C001Part002	NAR4C055C001Part002.lean	053CBD0FEB8CFE203A002D5CB26F43B9D0F39BDFD4DB58DA1E8E3F29592AE1BE	receipt-resource-exact	3
NAR4C055C001Part003	NAR4C055C001Part003.lean	78198C1CAFC835F446475742FA82FBCDB26F7F30174827FBF3621FEAD6042344	receipt-resource-exact	3
NAR4C055C001Part004	NAR4C055C001Part004.lean	1555E8369A6D764FCFEE777DA767DABEAE6A7873F33F648685B85778BD31354A	receipt-resource-exact	3
NAR4C055C001Part005	NAR4C055C001Part005.lean	45B196B29B6F57C09EE8BB31192A797A144294363B9CD03BF2748E9000F4C431	receipt-resource-exact	3
NAR4C055C001Part006	NAR4C055C001Part006.lean	EDE252363FD1252D46B22BD889AA166D240D1CD9B902AD4EC676C3EE3A6A5BAD	receipt-resource-exact	3
NAR4C055C001Part007	NAR4C055C001Part007.lean	65D5AD199ED4A5A4DFFAC9DA50EC725DD9252C36B2B50463694969550FFD29FC	receipt-resource-exact	3
NAR4C055C001Part008	NAR4C055C001Part008.lean	3716210E7AF9941EC4C813F5B5F5E314B69AFA4A5550323CB2803AF8DB9BB5F6	receipt-resource-exact	3
NAR4C055C001Part009	NAR4C055C001Part009.lean	110A56FE36A74DF1E559256A5DAA854A66EDE78279DA1A2E77CEA5A096AE32D8	receipt-resource-exact	3
NAR4C055C001Part010	NAR4C055C001Part010.lean	21FE9A2BDEFFC8F81B59CD56EDCB38F5120E27C04B75210AA5D9ECA36470E13A	receipt-resource-exact	3
NAR4C055C001Part011	NAR4C055C001Part011.lean	216315118D6C9FA1562DE32425AA57F349226FE49E4AAD72EC9E2324E0238DAC	receipt-resource-exact	3
NAR4C055C001Part012	NAR4C055C001Part012.lean	7549AC0BF7F405AA24DB0D8022EBF51032407EC81B8FB19A80A9D8AAA77BA120	receipt-resource-exact	3
NAR4C055C001Part013	NAR4C055C001Part013.lean	1F6C943CE76BAD634BDA4D7EF1094795179C332D96AD92BC6F80F16FB2F96222	receipt-resource-exact	3
NAR4C056C001Part001	NAR4C056C001Part001.lean	DB573D024643540B48DE2CE7447139AEA62D14A1375E3A644067353466279B53	receipt-resource-exact	11
NAR4C056C001Part002	NAR4C056C001Part002.lean	9F40EC7D82C12669541B0CF7C6335B76C17488BE06E4C1F18C506520D94380EE	receipt-resource-exact	3
NAR4C056C001Part003	NAR4C056C001Part003.lean	50823DE26AB66DD1F4B4DAA9EF45FB0F4BA40875A4BB18CF82DC54D24F14FCDE	receipt-resource-exact	3
NAR4C056C001Part004	NAR4C056C001Part004.lean	42EDDAFCE8A058CA5381116D9675F7B850CA48C864F8C64A35A76A3197356FEA	receipt-resource-exact	3
NAR4C056C001Part005	NAR4C056C001Part005.lean	F7C36D928DC31BE36FF7A3CD90CEC94A481B5FAD9625125BC1F128174F4EF2F9	receipt-resource-exact	3
NAR4C056C001Part006	NAR4C056C001Part006.lean	9E1D68B7D8A61FA76B9E4E76DC1B538CFEA9FA70A482D46C681979D22C8CB17A	receipt-resource-exact	3
NAR4C056C001Part007	NAR4C056C001Part007.lean	B44F91B5A7EA78030FDCB8474266780F229690900ECF1A524F387D5C15E6B89F	receipt-resource-exact	3
NAR4C056C001Part008	NAR4C056C001Part008.lean	A1EA42667D188D2953D5ABB4BD75B60BEDA865F81F6A301626114DA60EA28BF1	receipt-resource-exact	3
NAR4C056C001Part009	NAR4C056C001Part009.lean	E255E2C8068237F80A26486E35339A6A472B1E26457D6DF5008D053C77188BA3	receipt-resource-exact	3
NAR4C056C001Part010	NAR4C056C001Part010.lean	9594A8E690AE67B783974D9B3D03864EBE7C084E1BEED0EF8D628B450BD58644	receipt-resource-exact	3
NAR4C056C001Part011	NAR4C056C001Part011.lean	FD52F3E63B31625059A06622659496D342A4C213620E274C8A877C7EE05ACD66	receipt-resource-exact	3
NAR4C056C001Part012	NAR4C056C001Part012.lean	2B75455823F285BAA218B11C070DE8075E659EAAA58EB7DF544D96F924E2DACA	receipt-resource-exact	3
NAR4C056C001Part013	NAR4C056C001Part013.lean	C7138884C71266C849D53AA38065810F0461BA6F48F7DD302EDB07ACF5D35097	receipt-resource-exact	3
NAR4C056C001Part014	NAR4C056C001Part014.lean	3B70E3D058DDF8A0F888E94A699DB53DFE03C2ED23A170604DC53C837D018352	receipt-resource-exact	3
NAR4C056C001Part015	NAR4C056C001Part015.lean	D855EB20479697478F3FB232EED764FDCEFACA3650C03391DE96E6E06FDFCB51	receipt-resource-exact	3
NAR4C056C001Part016	NAR4C056C001Part016.lean	6328E2D9F21E419CF6080112100171F501DFA474134D8C7096DD4941EA8103AB	receipt-resource-exact	3
NAR4C056C001Part017	NAR4C056C001Part017.lean	DBE67B0517B749224CEF19A18B073133C2D6D0EA344F763DD2F167656141B8C7	receipt-resource-exact	3
NAR4C056C001Part018	NAR4C056C001Part018.lean	57612C3A1329C47D36F9E9AF6D082D41FE15D8A27558B12D71522403FD45F8C8	receipt-resource-exact	3
NAR4C056C001Part019	NAR4C056C001Part019.lean	8F53F40B689663F248CCDBDD670444500AC014B35DC0367B41F4BC280107971A	receipt-resource-exact	3
NAR4C057C001Part001	NAR4C057C001Part001.lean	EBDFAF2340D9E2D66A279E7E3FF1B1DF288E0A62F4C45A93857574D0DE60C0BC	receipt-resource-exact	11
NAR4C057C001Part002	NAR4C057C001Part002.lean	C76AF1F8AC4BFEBD5474D593E43A0D0515B2AEA9938267AF28210E5F81A913FC	receipt-resource-exact	3
NAR4C057C001Part003	NAR4C057C001Part003.lean	5A187F861DF6184705F70C0F4A44BC0B41C90E5F113F0394AD67710E7912267D	receipt-resource-exact	3
NAR4C057C001Part004	NAR4C057C001Part004.lean	37CEAD26A90105A4F90FF2C6811996B3467DFE3871BC8F44B33F235625FF99AE	receipt-resource-exact	3
NAR4C057C001Part005	NAR4C057C001Part005.lean	736BC8E4894A12F81DDDA9A8F8068BDA8EC909B1AAB121A3E562C7114AAF263B	receipt-resource-exact	3
NAR4C057C001Part006	NAR4C057C001Part006.lean	AAE741ED533C99F17AEE9B482601AE208A946F3BF8461D3B1D38B95DADB865F6	receipt-resource-exact	3
NAR4C057C001Part007	NAR4C057C001Part007.lean	1DF776F0414A51A3C275D08BDDCA905A81AA99FC45EAE0FAFA6BC7EA77FF9371	receipt-resource-exact	3
NAR4C057C001Part008	NAR4C057C001Part008.lean	583546797C3C4D2A914F77E84A2CAE9E53AB092293CE06A0AB8FAA8C22D32ADF	receipt-resource-exact	3
NAR4C057C001Part009	NAR4C057C001Part009.lean	32E1088329D7ED57A3FAF4DD24D7980FC62BCF47EF7B827B5159570296B7E4BB	receipt-resource-exact	3
NAR4C057C001Part010	NAR4C057C001Part010.lean	CF55E5C2DBDFC3F3EEC0469177C7B9ABAE4C9FB9D355D39D3D3414C16C639181	receipt-resource-exact	3
NAR4C057C001Part011	NAR4C057C001Part011.lean	13CF0CC3E64E12D5910E6368202326E13E702C594C4A6A8082C063D96BD5DC7B	receipt-resource-exact	3
NAR4C057C001Part012	NAR4C057C001Part012.lean	725362A7D79300817D8A9DCE0EAE88E767F94EE190B4415475DF42DD2DF19801	receipt-resource-exact	3
NAR4C057C001Part013	NAR4C057C001Part013.lean	E04B0F222A1D2CD81A916EBE391D8895568BFD828E86A1A0A455EBFA64D6CA53	receipt-resource-exact	3
NAR4C057C001Part014	NAR4C057C001Part014.lean	3BADDE910545293076294172CBF80FCB86D82C14E810658BB152EBE955C33B6B	receipt-resource-exact	3
NAR4C057C001Part015	NAR4C057C001Part015.lean	52D4947C773241148D0E4A71F4734C378B7F9EBD930E0642799CE92755CC8C39	receipt-resource-exact	3
NAR4C057C001Part016	NAR4C057C001Part016.lean	F633F845CE6CE56D0B6A02AFAF3B7E9FB634F881AE796C45FEFE4A04043BF535	receipt-resource-exact	3
NAR4C057C001Part017	NAR4C057C001Part017.lean	695EE6760418479E11A9ACFE8D73B142F044E1E0428ED940DB8AED04577E3A77	receipt-resource-exact	3
NAR4C057C001Part018	NAR4C057C001Part018.lean	E65A558C220444B5990D488D3898295A6350F813EDBEC4DD59785F2FF6443AD5	receipt-resource-exact	3
NAR4C057C001Part019	NAR4C057C001Part019.lean	3C3BB44A473065DE9735F94DE7503F06A6B3D1B2684F720C4F8F56685D7722A4	receipt-resource-exact	3
NAR4C057C001Part020	NAR4C057C001Part020.lean	78A8E6C5B68E082E54234F142D714C3A31C5D674A6F8221F80A2E616BAF338E9	receipt-resource-exact	3
NAR4C057C001Part021	NAR4C057C001Part021.lean	9C1BA58F41410DC54E3C39335D4B00E823C33A751E850338498F980722269FE6	receipt-resource-exact	3
NAR4C057C001Part022	NAR4C057C001Part022.lean	98C6F0AED7A571E2460D30C551812D64B8C0B921F5FDB03CDC6189F2C5890206	receipt-resource-exact	3
NAR4C057C001Part023	NAR4C057C001Part023.lean	C6247B86DF4ECC0D4D3CDEBD9086049E64EE1419872E7A381C962A230266C7DE	receipt-resource-exact	3
NAR4C057C001Part024	NAR4C057C001Part024.lean	9E6A7778E68C5548510549DF429EC79E626B0FC69D9E19EE4E5D2837C20569EB	receipt-resource-exact	3
NAR4C057C001Part025	NAR4C057C001Part025.lean	DED2309136A52D363B26D6045E8E043B8499F7B004B519E7671ECE09176A0FFC	receipt-resource-exact	3
NAR4C057C001Part026	NAR4C057C001Part026.lean	B7CAAC96B0BA50CDA252A831195BAB8F3E395B6CEE8495B39C73D38888ED30E7	receipt-resource-exact	3
NAR4C057C001Part027	NAR4C057C001Part027.lean	76CF99DC373CB1A17A3B77986FDE724110834EEBC0FB8486DBE97E777DAE2F51	receipt-resource-exact	3
NAR4C058C001Part001	NAR4C058C001Part001.lean	267533359BBCD2D2875AAA0ADD35C737AD52F32C2FB948899C245EC8E3912B30	receipt-resource-exact	11
NAR4C058C001Part002	NAR4C058C001Part002.lean	795233C18C4B1A9A612D6DD48C71256080EC3D8E6C310592BB7F85A43CCEB261	receipt-resource-exact	3
NAR4C058C001Part003	NAR4C058C001Part003.lean	527FBB0022E4BE2C1F2F2FEBF13E47D8A7A0677B2A48E354150839DDE7BBCDF5	receipt-resource-exact	3
NAR4C059C001Part001	NAR4C059C001Part001.lean	1618EADDFA2FB873133BD4D9C6AD0A1408ADE12850D2307904DB00A0DFEFF2FB	receipt-resource-exact	11
NAR4C059C001Part002	NAR4C059C001Part002.lean	477C7E83AD16D53F7C71980565659F154E38A20027DA60A5FAB1A7A3932C86E4	receipt-resource-exact	3
NAR4C059C001Part003	NAR4C059C001Part003.lean	3D08CC297934B5F5F112E565A64493BC79DAFA239DCFC64F1E369AF0D3E94726	receipt-resource-exact	3
NAR4C059C001Part004	NAR4C059C001Part004.lean	D8514A621C9B61E9E9B7A713C33799B4FFD27A2C89A14559F5CDF08CEEB92ECD	receipt-resource-exact	3
NAR4C059C001Part005	NAR4C059C001Part005.lean	1D4529C8D9D2EC77733562533C3199F80F8807F1D4C970AED326C3E6623074C4	receipt-resource-exact	3
NAR4C060C001Part001	NAR4C060C001Part001.lean	24D7AC6FEE2A5EC56C620513943AE40A50C035B20F342357478E16F82BC8C60A	receipt-resource-exact	11
NAR4C060C001Part002	NAR4C060C001Part002.lean	C6F641CE256EBE63FD6900FBAA4F96E30CB78B1DF58E31CF8A4E941E6392D85A	receipt-resource-exact	3
NAR4C060C001Part003	NAR4C060C001Part003.lean	F70E6B118622F1A0C5D00007AE0480749365A0AC1409B1446D7D2BB8A9D83406	receipt-resource-exact	3
NAR4C060C001Part004	NAR4C060C001Part004.lean	A3DBF2AAC48E2C145B1402D974EF719674CCF14EBE26FED0F96B3B869AEA5974	receipt-resource-exact	3
NAR4C060C001Part005	NAR4C060C001Part005.lean	0FC6FE8904B8CFBD42A409AA3106EFC04C79E3DC8927FC060B3964AE46B0F314	receipt-resource-exact	3
NAR4C060C001Part006	NAR4C060C001Part006.lean	FE30C90C22D3DF1E55D246486823B0B1431B16BA8B3A6E8259EF05426728360E	receipt-resource-exact	3
NAR4C060C001Part007	NAR4C060C001Part007.lean	1D7EAA37A6FC682D1B5F648903CD6BA4EA1EE30C08F8938D8FCA47BD14CFDC2F	receipt-resource-exact	3
NAR4C060C001Part008	NAR4C060C001Part008.lean	7C3B7B67F70F6E30ACBCC31AA9F49EBEE1728F6D9416DB169345694234C38E22	receipt-resource-exact	3
NAR4C060C001Part009	NAR4C060C001Part009.lean	A3D4EEDE7CF4B71D0005E0C403F2C3B1F80C6F233FD5283DE72433D544249AB4	receipt-resource-exact	3
NAR4C060C001Part010	NAR4C060C001Part010.lean	914C98034564700930F90BB9D8E5CF234D34967D54317D5EF07C7CE61B6109D1	receipt-resource-exact	3
NAR4C061C001Part001	NAR4C061C001Part001.lean	69E45E9F24ABB758AD21181D8BC4AEAE80FCBAEF8AC1538A6BBC835B50E6B91B	receipt-resource-exact	11
NAR4C061C001Part002	NAR4C061C001Part002.lean	3621BAC0E42C80FB6E73ED49E33A4483CCFF42DB8844A74936FD987E89CCF387	receipt-resource-exact	3
NAR4C061C001Part003	NAR4C061C001Part003.lean	48242622E2E9B51D132B3C2E77A5C9639DBE3604A26749B6051252A5A9936D8D	receipt-resource-exact	3
NAR4C061C001Part004	NAR4C061C001Part004.lean	B07C67CD0DE7790B58D7F158BED44F544B03437F5BC7D50800F5EBCC6BA730EC	receipt-resource-exact	3
NAR4C061C001Part005	NAR4C061C001Part005.lean	A4447F7FBBA7B9C5D9EE5DAD87DDC1EDFB0BA817592DEC155691AC374A4B4AE5	receipt-resource-exact	3
NAR4C062C001Part001	NAR4C062C001Part001.lean	CB55959FA06704AC4036DF377E9FC00B6A52BD1CB7365EE601BBBF1AC6476E59	receipt-resource-exact	11
NAR4C062C001Part002	NAR4C062C001Part002.lean	7BE475A37B3A703025AFF7C4076741BBDFFDD80E660AF78D6EABBCF8D48BC255	receipt-resource-exact	3
NAR4C062C001Part003	NAR4C062C001Part003.lean	FD4E0C72E84DD2D811EFEEA068CD597DD4AF05BDE8A44F8253FB6814BF7CC828	receipt-resource-exact	3
NAR4C062C001Part004	NAR4C062C001Part004.lean	C404C78C4358DDCEFCA9E64FA7E6F32B6E00345EEB7A4C3B1F666B0E9063F698	receipt-resource-exact	3
NAR4C062C001Part005	NAR4C062C001Part005.lean	0B68CEF89B0C32E8669E5B06787930FC1A21F776D5F094F2B4A2ACEF28424854	receipt-resource-exact	3
NAR4C062C001Part006	NAR4C062C001Part006.lean	121B2FE88C0D57CB5CC4B0224FFFDA0D38361F22845F3895B7E6365422F23505	receipt-resource-exact	3
NAR4C062C001Part007	NAR4C062C001Part007.lean	AAABCD8C1F0D4A942426F0BF5A85C3E9248B22259000096BDA805EF5B75C1530	receipt-resource-exact	3
NAR4C063C001Part001	NAR4C063C001Part001.lean	8B97E4A1E5BA9AEE2F647CF8894900D5F3E706C767BF5CB7567B005E048C1EE2	receipt-resource-exact	11
NAR4C063C001Part002	NAR4C063C001Part002.lean	593BA5E8B9B00F83A5A17611A2B9276DA1BEAAA5F38E406F269983D22139AC84	receipt-resource-exact	3
NAR4C063C001Part003	NAR4C063C001Part003.lean	06BECC23D078F0647962B9C803D56CDFCAF70A1397C1E8FB4A53EC18236EAB88	receipt-resource-exact	3
NAR4C063C001Part004	NAR4C063C001Part004.lean	EB453CFC34F087F3A98E4D1794573ED8CBBD1A3A11DBEE573D6258266EF2BBFA	receipt-resource-exact	3
NAR4C063C001Part005	NAR4C063C001Part005.lean	E4A8941FDA461A4471F9A97D40EF277F0C713F6D4185624CF9D30539B5186931	receipt-resource-exact	3
NAR4C063C001Part006	NAR4C063C001Part006.lean	A1EA2342E63BE16B025B7F2B72B6BDF4E58098BF32041BC6594750AEB5E8FCFD	receipt-resource-exact	3
NAR4C063C001Part007	NAR4C063C001Part007.lean	D0D0E11A1BF1FA3617A36A25E641F9B222C8182EDC39F71DCE72F85578D0C2AF	receipt-resource-exact	3
NAR4C064C001Part001	NAR4C064C001Part001.lean	906372A07418E9DDAC66E5B2868C3B8838D0771054E5F18AAB8CCD686F7B4594	receipt-resource-exact	11
NAR4C064C001Part002	NAR4C064C001Part002.lean	533BB98B75AC81B7F6AAF357555348A3FAFD5566C614D4BC4D71B4D45EC07982	receipt-resource-exact	3
NAR4C064C001Part003	NAR4C064C001Part003.lean	B6FDED262390FE4C87AA25BF4E53243140D50D5884BEC566191F7242C4DF1DCD	receipt-resource-exact	3
NAR4C064C001Part004	NAR4C064C001Part004.lean	BDA4BBE3E95218161BC9915FBC77DB558F3C73B86D0C0E9AAEDDE1D08CD429D7	receipt-resource-exact	3
NAR4C064C001Part005	NAR4C064C001Part005.lean	D28C65A5A2F4DD325F93CC6074ABE207D523073DEBCD9C588063918B53B1891F	receipt-resource-exact	3
NAR4C065C001Part001	NAR4C065C001Part001.lean	67752AE9725A267D1E2BA3D785CAFFC80EBC2D8A376AF39E2A3FF6C9DCCE27F8	receipt-resource-exact	11
NAR4C065C001Part002	NAR4C065C001Part002.lean	5057B88C8EDE5F858B90E8F7A386A5E80CBA850D2F5F917B79800E8507C959D4	receipt-resource-exact	3
NAR4C065C001Part003	NAR4C065C001Part003.lean	52966F4C1B0F451DEF3161224992A9F14FB7B4F626BE82ED75A3AA4C23E0B287	receipt-resource-exact	3
NAR4C065C001Part004	NAR4C065C001Part004.lean	A36F5AB93481C0E2B6559C0F7D416B54F8FD22DC5B2D3993DD1FE83B67D0C0D0	receipt-resource-exact	3
NAR4C065C001Part005	NAR4C065C001Part005.lean	B72507868051B02E9DC07549B353604251DC67275A35C5F32CE973E33996C11A	receipt-resource-exact	3
NAR4C065C001Part006	NAR4C065C001Part006.lean	13B1B1998369C4722038F102AA1E6958B4DF2317FCBBEDF3C6B4AD4680EC6B7E	receipt-resource-exact	3
NAR4C065C001Part007	NAR4C065C001Part007.lean	5D6E6872FE09DB45896CE23F40E8D8CFD1C03271E193910B0A0429E69063DF73	receipt-resource-exact	3
NAR4C066C001Part001	NAR4C066C001Part001.lean	F87EE468018ED0035AE5D4EAF6605C6D547F84EE3195A6B9378542ADAD047983	receipt-resource-exact	11
NAR4C066C001Part002	NAR4C066C001Part002.lean	F39B6345AB8EFEAC13DBE8896CADDF0F4D9389D4B46082CABC1BC5848C7816E1	receipt-resource-exact	3
NAR4C066C001Part003	NAR4C066C001Part003.lean	D515751BD102C6B8A46114AB7A3A01FB106FAF0B2070800C6A1E24811ED94B63	receipt-resource-exact	3
NAR4C067C001Part001	NAR4C067C001Part001.lean	6F0FED5214DFA263EDE719B33FFFAFF1179E3FFC3330C0706C2D6FCB6E7E39B9	receipt-resource-exact	11
NAR4C067C001Part002	NAR4C067C001Part002.lean	8611D5D8FA5669E1FFB1F87ACCDC30B4AD73DEDF86373895379BB7B52089A242	receipt-resource-exact	3
NAR4C067C001Part003	NAR4C067C001Part003.lean	FFBDD5E3A7463E410D8AB18A02C1B9CCFED04D47B66E54E965BBD3261DB1E851	receipt-resource-exact	3
NAR4C067C001Part004	NAR4C067C001Part004.lean	884BCF23E27F84FB2C2047BB29C749A5328138151C6367D48AB81F47E16CEBFC	receipt-resource-exact	3
NAR4C067C001Part005	NAR4C067C001Part005.lean	F8CCC172FDE22EA75FAF884AF17EE40CB3D294AEFACA75871724EAFEE4ABA0B5	receipt-resource-exact	3
NAR4C067C001Part006	NAR4C067C001Part006.lean	925F7D412FA0BB19DABD74023D77726A6E5FA34A23796F66593C26F44D67254D	receipt-resource-exact	3
NAR4C067C001Part007	NAR4C067C001Part007.lean	853EB39EE7DD22A13C3054CC3C5CFF122855E3A29291257CB539D68E4952DCA0	receipt-resource-exact	3
NAR4C067C001Part008	NAR4C067C001Part008.lean	FF128ABEB028FE4649094A443CA6A22754DBCC5A7A261EBEF2470D666CCC42CE	receipt-resource-exact	3
NAR4C067C001Part009	NAR4C067C001Part009.lean	0BCFAC20D3DF203BE06324663E8DC333A227FBAED44A2ADE24D087D6746F8B88	receipt-resource-exact	3
NAR4C067C001Part010	NAR4C067C001Part010.lean	CB2F32DF9BD8F2EE1422838679823D5661C6934A0844A645AF89A3FA817A55F7	receipt-resource-exact	3
NAR4C067C001Part011	NAR4C067C001Part011.lean	9BE76FEB5E10875AC03940419F7B6F11CACD969E6BEE62065674DEA9B3C0177A	receipt-resource-exact	3
NAR4C067C001Part012	NAR4C067C001Part012.lean	FFCD5C66F347F9B2375F51CCA315B9417FF0CA6D473506090812B0CF601EC501	receipt-resource-exact	3
NAR4C067C001Part013	NAR4C067C001Part013.lean	615F775DCA85696067DDF1E2010D31CE2C1A54BE679321E3792E2E31B9AAF05E	receipt-resource-exact	3
NAR4C067C001Part014	NAR4C067C001Part014.lean	13100046F2659FF27A130BA09B8E221E987E43DE4400A10DF2A7872EB40E0BB3	receipt-resource-exact	3
NAR4C067C001Part015	NAR4C067C001Part015.lean	F8CAC842D42130D3BE349697649982C2DC53AC972EFA8F278EE48E91E9FB233D	receipt-resource-exact	3
NAR4C067C001Part016	NAR4C067C001Part016.lean	6B81DF95DDC54285A44F54442167B809CD49A3F23377C7AA00834D083C38ADF7	receipt-resource-exact	3
NAR4C067C001Part017	NAR4C067C001Part017.lean	4BB6A132460ED82768C020AE88839E1A68C848E68211A3011D461A5AF2FC5E6E	receipt-resource-exact	3
NAR4C067C001Part018	NAR4C067C001Part018.lean	929A93EFC2A42FF0BA0DA4544A7261BED7B841EEB41045E296B98C29D37853B0	receipt-resource-exact	3
NAR4C067C001Part019	NAR4C067C001Part019.lean	ADE84E1050182FD05DF81A6D68F2CCF16EE4AFCE4DB694D69E239CFFBBBEC56D	receipt-resource-exact	3
NAR4C067C001Part020	NAR4C067C001Part020.lean	4C9338AB11977E2CBA3EAD33227745725C9F9DECD5B0AC105F68D25384C9E2F9	receipt-resource-exact	3
NAR4C067C001Part021	NAR4C067C001Part021.lean	F978164B3BFBD29301C5799A8693DCF3C505408658EF7FF8F6AC13659C032ED2	receipt-resource-exact	3
NAR4C067C001Part022	NAR4C067C001Part022.lean	CFD61083ED68AB02AF72B89353D0D35DD3F5AB0D8DF8C6BDA255DCCE6CCA4638	receipt-resource-exact	3
NAR4C067C001Part023	NAR4C067C001Part023.lean	BD3392F7ACD893B1152C207B38BC6CE9CB605D5C718D884D220CBDB2AF48CDCC	receipt-resource-exact	3
NAR4C067C001Part024	NAR4C067C001Part024.lean	92B4DE32849FDD8B8012DC68C47C237ED11199742056F8597BBD6A64C95A9107	receipt-resource-exact	3
NAR4C067C001Part025	NAR4C067C001Part025.lean	82633F14D73E538BE8A35628EA70E3A1627B48FBD9753455604119ED39F70697	receipt-resource-exact	3
NAR4C067C001Part026	NAR4C067C001Part026.lean	5D857243A7B8E6613C7AA9CC9EF451D48458D0925FCF6AE7A411AE926EC44A32	receipt-resource-exact	3
NAR4C067C001Part027	NAR4C067C001Part027.lean	BD98465D4862E0C22DFF9F5DF235D3F08F3C043DCDB8C6375D17F72445047975	receipt-resource-exact	3
NAR4C067C001Part028	NAR4C067C001Part028.lean	CCB7CEBC68BFC078B2BE39F526CB60CEB92AEF68EB281C75206B6DE59202F486	receipt-resource-exact	3
NAR4C067C001Part029	NAR4C067C001Part029.lean	0C7D38B1573C8E61EE4E3BC24A3A7F3DCA8E12B66C0894909E500967D408899E	receipt-resource-exact	3
NAR4C067C001Part030	NAR4C067C001Part030.lean	5A5D0CDF77592D116B147F67AAC253AE38ADDF68B9A4D661A471713D44C05A19	receipt-resource-exact	3
NAR4C067C001Part031	NAR4C067C001Part031.lean	0118CEBEC855F9FC6001C57B74AB5157DD8836FA141EC3E85FFC85680BA3FEB4	receipt-resource-exact	3
NAR4C067C001Part032	NAR4C067C001Part032.lean	9B9B28370AEC7D39A627C0AD22B32D307052992FDA77813497FE49BB87E350CB	receipt-resource-exact	3
NAR4C067C001Part033	NAR4C067C001Part033.lean	1791A42972711BDBE53554C7D232D008CF58B04EAAA418DF51422713F9A4E25A	receipt-resource-exact	3
NAR4C067C001Part034	NAR4C067C001Part034.lean	242555495A923D85D24CCED5828166D0E283035FB9E585A0C115FAD9FC267C22	receipt-resource-exact	3
NAR4C067C001Part035	NAR4C067C001Part035.lean	DE44A56870DE8CD58B9BE0DD970B51D164CFD0A8B3D7F5C3CA8C487A7900E3EF	receipt-resource-exact	3
NAR4C068C001Part001	NAR4C068C001Part001.lean	F531D4C0481FAC4EBF206E39762F9788DC97F43E4588B48B5164248CD1C0B3F8	receipt-resource-exact	11
NAR4C068C001Part002	NAR4C068C001Part002.lean	45EE146F53FAD5771911EC5CEC023B0F2C75916CD5469E942196A5471A760235	receipt-resource-exact	3
NAR4C068C001Part003	NAR4C068C001Part003.lean	0A25F280C675C0E4E0E2A8A8E91FDC93D294AFF92CF1816B8890A0DB77062945	receipt-resource-exact	3
NAR4C068C001Part004	NAR4C068C001Part004.lean	CCF71B18D685275AEC81D605971FC589880B05454BBA38FCA31DDE6BD49E4484	receipt-resource-exact	3
NAR4C068C001Part005	NAR4C068C001Part005.lean	4FB075CEAB799B45B9E4E4501D1AA15F79CDA4173C657561DC98385615E3297B	receipt-resource-exact	3
NAR4C068C001Part006	NAR4C068C001Part006.lean	2BA208B8391786E7A2EFABB6589996C9E2D22E529722FFFFBB636F827F3F6AC3	receipt-resource-exact	3
NAR4C068C001Part007	NAR4C068C001Part007.lean	807C63DE646DF96A450C17C55C8CF289989027753F08A01668762D2AE76C9413	receipt-resource-exact	3
NAR4C068C001Part008	NAR4C068C001Part008.lean	C1861442240594EC464031CE87F19F51E458F03DBA78ED5579FC4F9D1EEF0641	receipt-resource-exact	3
NAR4C068C001Part009	NAR4C068C001Part009.lean	F47C13F922EA2D8A76EE4EE2349C3A4B1F4E1A657F29A5B6D4C93FE496F324AD	receipt-resource-exact	3
NAR4C068C001Part010	NAR4C068C001Part010.lean	62DD90818D9C883A950991711F9A3CC15516D61D4B2EDA600BF9D1595AA453A5	receipt-resource-exact	3
NAR4C068C001Part011	NAR4C068C001Part011.lean	75D204BCF017405A2C07DCAEE6A42A97915DFE941AE5F43A27129F76E99223B8	receipt-resource-exact	3
NAR4C068C001Part012	NAR4C068C001Part012.lean	A8998799F831A9B005FA1226A78E535CA25D6DEA13B3220212F71623C84D15C1	receipt-resource-exact	3
NAR4C068C001Part013	NAR4C068C001Part013.lean	BBB885292341180EE0054B5FB13C46DBC0B5BD03302080EED9BFE547F65B9B98	receipt-resource-exact	3
NAR4C068C001Part014	NAR4C068C001Part014.lean	C20CBFE3B90EB65C61CAE3B72F29EA9F81883B5AA3A0FAF1EE5442811105255E	receipt-resource-exact	3
NAR4C068C001Part015	NAR4C068C001Part015.lean	6020C3BEE076FB57B9751159C28E3308461F651733743E9A1AE585CE6EEC1DF9	receipt-resource-exact	3
NAR4C068C001Part016	NAR4C068C001Part016.lean	FA288DF02161DB231B5D76F88904F97B6E6C18F25322A1C64E32460CC2EC9000	receipt-resource-exact	3
NAR4C068C001Part017	NAR4C068C001Part017.lean	89C35579341C09B57E8B6236D2E2858395FF6E416A0BEB5B4C95B55F0E818606	receipt-resource-exact	3
NAR4C068C001Part018	NAR4C068C001Part018.lean	3B5F0F26CEC15CDD9CCF9768B0CCD2AC257F23423E6D4D42DA5C97D12368137A	receipt-resource-exact	3
NAR4C068C001Part019	NAR4C068C001Part019.lean	AE30598534CE0A966ED0A62927F58FA38D31FD5F61A222E81565AC1B2C70D0B9	receipt-resource-exact	3
NAR4C068C001Part020	NAR4C068C001Part020.lean	C7E9A93BABAC27B9D0637007AC82502FBDA3E4361C98509611DAD6CA8E2871C9	receipt-resource-exact	3
NAR4C068C001Part021	NAR4C068C001Part021.lean	F8E82ED22646B4708F32407E4C1E9163695118570A45E2B905B183FE5E651B6F	receipt-resource-exact	3
NAR4C068C001Part022	NAR4C068C001Part022.lean	3611AFBEFE00E973006756928A26610F283E05D29C5F8C34278A2CE22874C33E	receipt-resource-exact	3
NAR4C068C001Part023	NAR4C068C001Part023.lean	13B694F74D20AB645948020E199AB0B6AC191F63F266C86E4AFE3AA3321622A8	receipt-resource-exact	3
NAR4C068C001Part024	NAR4C068C001Part024.lean	5558B0571A4E5A4F239C7F5639D93766D6C28CCD8219FEB6E54EE0018107788B	receipt-resource-exact	3
NAR4C068C001Part025	NAR4C068C001Part025.lean	3778409A50EA8357B334920E7A650215FB9089EE682E92DA36B565B20A5B4DAD	receipt-resource-exact	3
NAR4C068C001Part026	NAR4C068C001Part026.lean	1A1A7C2C1858B9243DA1C7FD68B8AFD11CB0FAF7E50BF76A1CF5BC438116AA5F	receipt-resource-exact	3
NAR4C068C001Part027	NAR4C068C001Part027.lean	1B6CEB666256B0A9CD72CD0A195E404B92314C3FF0D89D828F63E7B7E698909D	receipt-resource-exact	3
NAR4C068C001Part028	NAR4C068C001Part028.lean	03FB750E6289F76DA66703883020D1C238E06B3C1E5F5743455CBC2747E50DE3	receipt-resource-exact	3
NAR4C068C001Part029	NAR4C068C001Part029.lean	52410CA49BBCF701270320EFB1C43A4EA17EF755B0939A29B057C4A7315858DF	receipt-resource-exact	3
NAR4C068C001Part030	NAR4C068C001Part030.lean	0F5C9A5857AA28B89F3F93626B4B400B04724A17F5D439153DFD2F039098A733	receipt-resource-exact	3
NAR4C068C001Part031	NAR4C068C001Part031.lean	C38FE995DCFDF1CD874DF1199A20AC06820194BFD6C7DB41E8D269B72C10D154	receipt-resource-exact	3
NAR4C068C001Part032	NAR4C068C001Part032.lean	72A03278F1BBCAF451CDBD64E1FAF55DF60A156F1CCB02BDD6A138E55A11E446	receipt-resource-exact	3
NAR4C068C001Part033	NAR4C068C001Part033.lean	AB993D39C864A1633E0B24E64EDE263DF15E58CDCA32E5B6592EA683C6A9E14F	receipt-resource-exact	3
NAR4C068C001Part034	NAR4C068C001Part034.lean	45D137488A90A314A31AAC8170C223FB6DBC70A4EB68DD4D1406B0B3A3677C1B	receipt-resource-exact	3
NAR4C068C001Part035	NAR4C068C001Part035.lean	A3A864203614E402F7243C7C92A62C08930675F5656B2D86EB977B5B37B06813	receipt-resource-exact	3
NAR4C068C001Part036	NAR4C068C001Part036.lean	220C1CDD0A40BD58FABE155E795A0E805F9D5B1195225DEB3C076852C2A0B8CE	receipt-resource-exact	3
NAR4C068C001Part037	NAR4C068C001Part037.lean	FF4C0B66C2AF38EE502C147229F9C7E967B429FFC3F899304A7EF9C08438B146	receipt-resource-exact	3
NAR4C068C001Part038	NAR4C068C001Part038.lean	CCBE7DAB024BC95BB03356E947AA015AC3BBDD9FDB0F05C4BA7972E316AE6804	receipt-resource-exact	3
NAR4C068C001Part039	NAR4C068C001Part039.lean	CF8E190B3A093A3DAA12ADADDE495E5F5A7D7CFE41BEE69AF37E7EFCFA8D214C	receipt-resource-exact	3
NAR4C068C001Part040	NAR4C068C001Part040.lean	75462908BB21E55B7280237AB221163E9AB80339DED808DFC1886FCD9D4E7AE5	receipt-resource-exact	3
NAR4C068C001Part041	NAR4C068C001Part041.lean	45ECF4C7407759F94FA8F84FE2B9226EC67F7462FCCBFBB977D715C5E06D6DF1	receipt-resource-exact	3
NAR4C068C001Part042	NAR4C068C001Part042.lean	9B4E6C830FB3B223CBC0026B9E663519109316D66661F52D4E4C28B6C7443684	receipt-resource-exact	3
NAR4C068C001Part043	NAR4C068C001Part043.lean	92D8A441ABFC63780F284CE2ABF155E1E37E009919F5997CED2E1790FA7078D6	receipt-resource-exact	3
NAR4C068C001Part044	NAR4C068C001Part044.lean	ABB75C9F0A6D8D19D387C4E204A362F226BF7F0263CF4BD3B15717479A6FB0DD	receipt-resource-exact	3
NAR4C068C001Part045	NAR4C068C001Part045.lean	D0B306253A94334CEBB088143676B191104B063AA7DE261028A5B5A1028ACC56	receipt-resource-exact	3
NAR4C068C001Part046	NAR4C068C001Part046.lean	E7DA2FD45E12DBEBF457CBE548A37DFA0E23EBC5468BBE1F6E3B7C146875D556	receipt-resource-exact	3
NAR4C068C001Part047	NAR4C068C001Part047.lean	2C94EB896395B424B15F6FD6A3063B7C08155F1477DF6E0E43451AA137C66B85	receipt-resource-exact	3
NAR4C068C001Part048	NAR4C068C001Part048.lean	C6EDE227CE2E2C2D28B4BA4A09DDDBA7876A9763D839AB06CB6970C0DA393314	receipt-resource-exact	3
NAR4C068C001Part049	NAR4C068C001Part049.lean	CED0D1B61C5787103D68D6199F83969E42AF78A838E85AD61ADFF78826236D95	receipt-resource-exact	3
NAR4C068C001Part050	NAR4C068C001Part050.lean	83ED294C04AA23682636EC627CA692DEF13356E817493BE2B6BA074FD91999ED	receipt-resource-exact	3
NAR4C068C001Part051	NAR4C068C001Part051.lean	DB88916B1101814A39337D5B903D191E6ED5C39ED7493E25F3726FABB4820562	receipt-resource-exact	3
NAR4C068C001Part052	NAR4C068C001Part052.lean	8B8B05F046C74C2A35242769D3DBAC50AFF2259971F7BE48C88CC34425DD3EF7	receipt-resource-exact	3
NAR4C068C001Part053	NAR4C068C001Part053.lean	85ECB41FE46503BF1228E7CAF72AE19592D82E6690A12764E61278B7731C75FA	receipt-resource-exact	3
NAR4C068C001Part054	NAR4C068C001Part054.lean	F45AB6C7AB1630D8669C64F11D5D9004BAEB3A9B220FAE48112AFE8A472C8318	receipt-resource-exact	3
NAR4C068C001Part055	NAR4C068C001Part055.lean	7A96D65B67967652C8F002CC6E69B40B010F2BF7333B6C8F0C764AF982C663A8	receipt-resource-exact	3
NAR4C068C001Part056	NAR4C068C001Part056.lean	68947C1A5426DD80CF90F5525A129D63AA1C663F5BE74D77E3E8D43C1BC2C4C7	receipt-resource-exact	3
NAR4C068C001Part057	NAR4C068C001Part057.lean	E7B1FB2A73CC88954B664E93A9DFAFFEDB8590B33712E42234E58CDFBC23B346	receipt-resource-exact	3
NAR4C068C001Part058	NAR4C068C001Part058.lean	3F374CFB321C72590D7157103FE19C2DB4DAFC7876A9A7623AE5F00E9AF751A6	receipt-resource-exact	3
NAR4C068C001Part059	NAR4C068C001Part059.lean	37BF8F1B522E9BFD34B7F9A77EE30D73EE617E8831B6901B1D8C1507B53547C0	receipt-resource-exact	3
NAR4C068C001Part060	NAR4C068C001Part060.lean	1CEECE57349FC1F603E2D55232FE7D2DD50B20C2C51445BC90FD9DDA5D8119EB	receipt-resource-exact	3
NAR4C068C001Part061	NAR4C068C001Part061.lean	74F109A1D42E08F12CF53AE9118AEA6F5982DDBC84CBA73A1D4EB5E42A436AD5	receipt-resource-exact	3
NAR4C068C001Part062	NAR4C068C001Part062.lean	A7C474F367C7AF43C16C9590FFE22AAB5CE6F448D3ED8400521096D04CEDE4B9	receipt-resource-exact	3
NAR4C068C001Part063	NAR4C068C001Part063.lean	94B1968FDC245AC2DFA5D53B4D22A13C7FBB2A7282F1979888BF21D849F6C6E7	receipt-resource-exact	3
NAR4C069C001Part001	NAR4C069C001Part001.lean	D7A5194BA9389B738CCD3C0767085D9C6C99EA7C63C9ECE873A77CA1CD271B14	receipt-resource-exact	11
NAR4C069C001Part002	NAR4C069C001Part002.lean	3BA1687384E204DDB100C355208675F25C36ACD25217376032E24B31D5D8F6F3	receipt-resource-exact	3
NAR4C069C001Part003	NAR4C069C001Part003.lean	AD9D0E77E0FF5EBC2A00F5F72372184EC0B1EC0BBBD0EFA294AF59C6B18491A8	receipt-resource-exact	3
NAR4C070C001Part001	NAR4C070C001Part001.lean	785CB38893407F73E3DFDE81948A98EBCD5D79977748F38BF1FE248A17CA167E	receipt-resource-exact	11
NAR4C070C001Part002	NAR4C070C001Part002.lean	8490DACA4217DA3A2B1A5D5C8E7F626949F5296016C91FE2A41ADC6F5FE96F09	receipt-resource-exact	3
NAR4C070C001Part003	NAR4C070C001Part003.lean	790A78C9D96A9D353F5E6ACFAD1C2D91CC339CE4BC5B7D7815C949A438DB6A82	receipt-resource-exact	3
NAR4C070C001Part004	NAR4C070C001Part004.lean	0C1521FA6A0CC1CE3CFF3E5850F7ED2DE6E0719C3EC32545F7AD44C00063AA5B	receipt-resource-exact	3
NAR4C071C001Part001	NAR4C071C001Part001.lean	1626B3D897FE78C364617A60D323BD08C2680A067E7C64C24E3CB6F66082DA86	receipt-resource-exact	11
NAR4C071C001Part002	NAR4C071C001Part002.lean	ADCF2BFD2C4617916C1A33A3F8334987D266F1D3CA0FA843C6593F32641F6020	receipt-resource-exact	3
NAR4C071C001Part003	NAR4C071C001Part003.lean	F2A054A580F1E275B1CC19794989048B2451E99FBF615E2A61FE208DF928D9E9	receipt-resource-exact	3
NAR4C071C001Part004	NAR4C071C001Part004.lean	7529286034F2F4F3E4105C6703330D37CDEF3AE82BD10DC99BF90B5F34AF879B	receipt-resource-exact	3
NAR4C071C001Part005	NAR4C071C001Part005.lean	2C946F64F65460EA2BE29A1F8CBC646CCC04001D5606F663FCEE2773A7F7CBD1	receipt-resource-exact	3
NAR4C071C001Part006	NAR4C071C001Part006.lean	982E27EB78B856E31A74D857C369783FB57BD1ABA37CC2625D8FDB2E643825CF	receipt-resource-exact	3
NAR4C071C001Part007	NAR4C071C001Part007.lean	A050BA50B75A84FFBFE7C4E3859E287DB9DBD9700A2BCE64CB44B2CEAA3A80E9	receipt-resource-exact	3
NAR4C072C001Part001	NAR4C072C001Part001.lean	0549CE2C61D73E460D1E9A124D865D73D03DAB1341BFDD1DCEF24F786C04F2BC	receipt-resource-exact	11
NAR4C072C001Part002	NAR4C072C001Part002.lean	FAD444D30FC641EB35EDFDE6BF84B946F644CE588FA3883C10A9A98812217FED	receipt-resource-exact	3
NAR4C072C001Part003	NAR4C072C001Part003.lean	B89F7DD6D287D79A555E46C8F4F836CE20814276B526058051895D03D9F3C952	receipt-resource-exact	3
NAR4C072C001Part004	NAR4C072C001Part004.lean	F2A90AFABA4F82C1E8BE38C5CBB8B86F301800985CA8EDCD83D93C5EBCC427D0	receipt-resource-exact	3
NAR4C072C001Part005	NAR4C072C001Part005.lean	FDCD1FFAB398DEDE89ABF9ABEB601832AB24F671E1CC57F15ABCE49C5ED5288E	receipt-resource-exact	3
NAR4C072C001Part006	NAR4C072C001Part006.lean	142D76F704AA85E4F08B9D904E76A35B98D18ADCD4877651C016F9B82C1D1E59	receipt-resource-exact	3
NAR4C072C001Part007	NAR4C072C001Part007.lean	14D97B9619DE555D96A1A2CD42CE20F6CDF71F4AD27B2CC1340B8DE8796686A5	receipt-resource-exact	3
NAR4C072C001Part008	NAR4C072C001Part008.lean	2FCD965353531F8A44449C1D23CAF1C068EDA5F17B9C12F81F3C8F5A011B5F8F	receipt-resource-exact	3
NAR4C072C001Part009	NAR4C072C001Part009.lean	655269770ECA253848D3582E7794A8FF97EFA863E3E9C66B1501E197F6A034C6	receipt-resource-exact	3
NAR4C072C001Part010	NAR4C072C001Part010.lean	E643F7E3BE17F65FD6F98D93BE6AF7908EAD625C349E977D1139BC70998D5B70	receipt-resource-exact	3
NAR4C072C001Part011	NAR4C072C001Part011.lean	5DEE966804A7273196279A2C5F0D8D67B59BE193AB23D8751E5028DABFDC44A0	receipt-resource-exact	3
NAR4C072C001Part012	NAR4C072C001Part012.lean	26783B1DDF7C9F49FB5872D554458D914304FC5C4A4DD3628AF475EC6825028A	receipt-resource-exact	3
NAR4C072C001Part013	NAR4C072C001Part013.lean	3FA8B7CA8DC6A9A4983C13FA08A23548CC80F13F19C986180606AB961622FB0D	receipt-resource-exact	3
NAR4C072C001Part014	NAR4C072C001Part014.lean	4F5BBE698F55C65D608214874C2AB13AB884F44F1C266796D1A08FDADD1FD4C8	receipt-resource-exact	3
NAR4C072C001Part015	NAR4C072C001Part015.lean	6C3CB1BBC26B5136E1650AACA909A7937E22D5189AFB396732298FDB6ED77594	receipt-resource-exact	3
NAR4C072C001Part016	NAR4C072C001Part016.lean	899B5C7C08EB644431C56ACBC5004FC9703A136B31E9FD67913B6D2DE6740E1C	receipt-resource-exact	3
NAR4C072C001Part017	NAR4C072C001Part017.lean	47C1E16096C5381795C778A03F2EF4E7E1E8C7CAD145A289D5FE9449002E4BA2	receipt-resource-exact	3
NAR4C073C001Part001	NAR4C073C001Part001.lean	15AB9865D94961FB0EFA428243FF2D9656B21B6BC3FAE5D7FA31A040B7DFF2F7	receipt-resource-exact	11
NAR4C073C001Part002	NAR4C073C001Part002.lean	AEB92F01AC96A1CD3FD730F760E4F4CB20E900D4F7FCB43893A116A8DB0534EF	receipt-resource-exact	3
NAR4C073C001Part003	NAR4C073C001Part003.lean	CBA734ABCE9C45CF74F2D27D2CF3BA768C47075FBCD3EE3EF242BA94387CE1C6	receipt-resource-exact	3
NAR4C073C001Part004	NAR4C073C001Part004.lean	633BC91F9CB407AC48EF39E9FA714BB056F6311CF18BCCC7A8D5ED71E60C78BB	receipt-resource-exact	3
NAR4C073C001Part005	NAR4C073C001Part005.lean	EDC4523005A9203E915D5B3225770D1A0AAEA37E19C3852B1D47C124BA3F3D08	receipt-resource-exact	3
NAR4C073C001Part006	NAR4C073C001Part006.lean	37C5BF024BD3F6305E63A25D8CD4B3791752EB4792B8C44498F2485D87A7B74F	receipt-resource-exact	3
NAR4C073C001Part007	NAR4C073C001Part007.lean	C480CF467FFCB274F8ECB51A94F02B0CAABCC5FCAE453B8B70C72B6856B91909	receipt-resource-exact	3
NAR4C073C001Part008	NAR4C073C001Part008.lean	AFF1B22AD932E58967CE34E3B4B556F210F601BB7282FF6AE0DD41DC3FBE77C4	receipt-resource-exact	3
NAR4C073C001Part009	NAR4C073C001Part009.lean	1645341115BB6C78B5A6C1B27E29D6522A9E0CD1F54DAC91D89F6BBFF495DD55	receipt-resource-exact	3
NAR4C074C001Part001	NAR4C074C001Part001.lean	96A1DDB0D117FF896E3B65E9989454AC621BBF0D78959C6DE78950030802DF8D	receipt-resource-exact	11
NAR4C074C001Part002	NAR4C074C001Part002.lean	32EDB94CCAC6C0C842E802614F155370F7C44A23B615E6CCB3A17B6A3380B7B9	receipt-resource-exact	3
NAR4C074C001Part003	NAR4C074C001Part003.lean	DD633B01F4F1BADD55FB7B0CA072D5327D84B94056F53503FBAF5AE23867A079	receipt-resource-exact	3
NAR4C074C001Part004	NAR4C074C001Part004.lean	CD123BB82C477D56DBAD512CDF7EB55781461DFF0999B6575B9B5A01986482AD	receipt-resource-exact	3
NAR4C074C001Part005	NAR4C074C001Part005.lean	35E5B8A9A0B20AD36445DD1ACC7DF522A7C29E1C5EA84267A871CC84102C19D3	receipt-resource-exact	3
NAR4C074C001Part006	NAR4C074C001Part006.lean	223A7E13520CED6BB0D82281174CD38E6E8689DD9C5B6FD92195E11F1C204215	receipt-resource-exact	3
NAR4C074C001Part007	NAR4C074C001Part007.lean	108FC0A0570B1CE92337BE7B4E699EF7BDED4BCEF6C483ACA3DA3B2BAA5DC89E	receipt-resource-exact	3
NAR4C074C001Part008	NAR4C074C001Part008.lean	41D54AB171CF425082C603FC8DF82B31DA5DAD387691E637BE2B639425A29159	receipt-resource-exact	3
NAR4C074C001Part009	NAR4C074C001Part009.lean	AC1423FFEE54FFA7EFB80627221EC99FCB73EDAE9FAB02FB035B3D145E956DC7	receipt-resource-exact	3
NAR4C074C001Part010	NAR4C074C001Part010.lean	5E0A04EBE53A88B1936689F0B5E6CE976B040C6E5E3C4BD147656F083112294F	receipt-resource-exact	3
NAR4C074C001Part011	NAR4C074C001Part011.lean	1877E48133AA42335E63D83D78C6DE04604F2C897A00FA4F1B624138AD0DA376	receipt-resource-exact	3
NAR4C074C001Part012	NAR4C074C001Part012.lean	E8B6772B7EE6CB8AE992DA7B60CAAAE092575F7FD9FEAFE4928DE1228010888E	receipt-resource-exact	3
NAR4C075C001Part001	NAR4C075C001Part001.lean	A40BEDC9CB211700761C3A8BFFFABC845A087137137E0AD7DF8E599379CBCBE6	receipt-resource-exact	11
NAR4C075C001Part002	NAR4C075C001Part002.lean	EDA488E4A59DE5392B6A6A8EE811F962C57F98416E144641B23D3700ABEE30B8	receipt-resource-exact	3
NAR4C075C001Part003	NAR4C075C001Part003.lean	6E81321518BA4765AD2A17FE360C432D16A8D2A401D4A4FB7130FD845E3A1B3F	receipt-resource-exact	3
NAR4C075C001Part004	NAR4C075C001Part004.lean	AE1C42B5DFBC4B26852D2F18082955DC7BAF3F1E8AB81BAC940DC166CCE617F0	receipt-resource-exact	3
NAR4C075C001Part005	NAR4C075C001Part005.lean	EAC6C04A1ED7D7A410EA1102365C44C77BB585C16A2CB0C07DB4BAE33E5576CB	receipt-resource-exact	3
NAR4C075C001Part006	NAR4C075C001Part006.lean	88D0AC2E369243CC2655D2EB5C015E7434E3E7F9B1F9666AB21FC11920D74A63	receipt-resource-exact	3
NAR4C075C001Part007	NAR4C075C001Part007.lean	FABB0FE38A0DCA0F4319CC23F487CD50053FCE5EC36DCA81F512F1FC0B321956	receipt-resource-exact	3
NAR4C076C001Part001	NAR4C076C001Part001.lean	30EAB512921D5A11BB11C707D54852B17046DE5EA160C2BEFE7118AA555A9A0A	receipt-resource-exact	11
NAR4C076C001Part002	NAR4C076C001Part002.lean	39F61F28646D1D50D5A9B312F02A758EBCAB5FE0B14C3A96E6667113D7B8840F	receipt-resource-exact	3
NAR4C076C001Part003	NAR4C076C001Part003.lean	1E8E53A0ACED5FF463DE46792805D2943A49994AAEE82D00971644B72556538C	receipt-resource-exact	3
NAR4C076C001Part004	NAR4C076C001Part004.lean	2C713818C97318F92530A1F9F9E5B52E2043410C830726A1D07CDC18A495DB71	receipt-resource-exact	3
NAR4C076C001Part005	NAR4C076C001Part005.lean	AE12FCB3F34EF8C7948A065B776F32054427DE716CB0356A67FF757CD9BFB249	receipt-resource-exact	3
NAR4C076C001Part006	NAR4C076C001Part006.lean	B36E5F537690EFD63685691E5AC286F6C81025ABB9A38BB17F65D8E09795047F	receipt-resource-exact	3
NAR4C076C001Part007	NAR4C076C001Part007.lean	DF633E6934984C45FA50AD498FFF1E936928F8728EC00854D0318B5B73B19E98	receipt-resource-exact	3
NAR4C076C001Part008	NAR4C076C001Part008.lean	FAC8913956F1F99FC8C4FA276F54D22089CF3FD44DF4AFC9DD166E9B166108FD	receipt-resource-exact	3
NAR4C076C001Part009	NAR4C076C001Part009.lean	717A4CE1FFEE4A1BFECE968C1BBA3FDFA764A7C999E1E400A1F3DDF6B7786961	receipt-resource-exact	3
NAR4C076C001Part010	NAR4C076C001Part010.lean	CC4F595B947E101A3A475A06A076CF49FF55AF6A1C9FE43743F39C2487961B8F	receipt-resource-exact	3
NAR4C076C001Part011	NAR4C076C001Part011.lean	BC1667EEAAA3F9DFE541AB488E9E5632E024C236C0925D0322980BE04F9799FE	receipt-resource-exact	3
NAR4C076C001Part012	NAR4C076C001Part012.lean	67FE2BD121AC4784285B2816041A33C6C127905FD9B3A9C013141F54182D12E0	receipt-resource-exact	3
NAR4C076C001Part013	NAR4C076C001Part013.lean	871C61194CC6F5498536EA6690EA025CA6E27655914108B8C0D0BABE8AA41370	receipt-resource-exact	3
NAR4C077C001Part001	NAR4C077C001Part001.lean	867FD6BA1A53F4D274817B94FF28BA24FB7465FC9CB473FE3BBAF4963574A80B	receipt-resource-exact	11
NAR4C077C001Part002	NAR4C077C001Part002.lean	A56EAC1F5221899702DCB4AFE4E42F444D807ECD53C917AD2AFA22148D59C432	receipt-resource-exact	3
NAR4C077C001Part003	NAR4C077C001Part003.lean	4DD1509ABDEFD58FDC1CDA8F157DB6843AE8AA892307250A11107F6B67717218	receipt-resource-exact	3
NAR4C077C001Part004	NAR4C077C001Part004.lean	9247FE6A7A8083EBE730E4F1F165C734B796130854D751EE0A139F5CF863D149	receipt-resource-exact	3
NAR4C077C001Part005	NAR4C077C001Part005.lean	0E05B97E10F31A6A480774B700A319F3C49409ED00A775A2A67C1487F379D118	receipt-resource-exact	3
NAR4C077C001Part006	NAR4C077C001Part006.lean	0CAA23D4CE0829ED355F29C0043FBC2E48A90F9378728F81CD5DD049AAD2E05F	receipt-resource-exact	3
NAR4C077C001Part007	NAR4C077C001Part007.lean	1BF117C05F6DBCEB11BA842066242E54A45BC32C11DDCADBF4125FC20750AEC0	receipt-resource-exact	3
NAR4C077C001Part008	NAR4C077C001Part008.lean	EE5DFC9DEFA04588AAEBC34B33F9A0711525ADE4A10C382239A185F5E5B72DCB	receipt-resource-exact	3
NAR4C077C001Part009	NAR4C077C001Part009.lean	F1D41E0D58EC6D616B8E88D063953D2DA62C311728F90807C4594976125B5B49	receipt-resource-exact	3
NAR4C077C001Part010	NAR4C077C001Part010.lean	ADD594177FA8176CDBBCB098AF81166AA291F7995E26876E5D2B30F3B1FD99AB	receipt-resource-exact	3
NAR4C077C001Part011	NAR4C077C001Part011.lean	99A8B9C962902764B485E2BFE52FCC6229124F72C1A44196D85C18914AD7E3B6	receipt-resource-exact	3
NAR4C077C001Part012	NAR4C077C001Part012.lean	B5FE9E8D07B30F34BD98DFFAF94EFE61EB2A8D395A12E089AD6493C54AF5E69C	receipt-resource-exact	3
NAR4C077C001Part013	NAR4C077C001Part013.lean	943762FB2ED210D951E27CADC2030C0D646D727EABDE5316644C2A63C06849A2	receipt-resource-exact	3
NAR4C077C001Part014	NAR4C077C001Part014.lean	FDFD2DA5419DE84A1884A1A1071803573C0E6892BA5304ED126A10339FB07DA6	receipt-resource-exact	3
NAR4C077C001Part015	NAR4C077C001Part015.lean	5DC460567585C685BD1A96EB56135F0864AA97A6065900D396DE837ADA9B8602	receipt-resource-exact	3
NAR4C077C001Part016	NAR4C077C001Part016.lean	B8A4CB7A6110CB669AA4AD8C61424E5C80F10ACF11D7AF6FC411117BBA798C5D	receipt-resource-exact	3
NAR4C077C001Part017	NAR4C077C001Part017.lean	A74F74F9A68FEC71CA4B345C8D2FB8189B05F3A2CFA9C19A48491127E10A1C13	receipt-resource-exact	3
NAR4C077C001Part018	NAR4C077C001Part018.lean	1559F01BD6BAA3229D527BC412DA9997D665677BCA263F979CE50A2595B6DD9A	receipt-resource-exact	3
NAR4C077C001Part019	NAR4C077C001Part019.lean	1B69194AC95A0C41685383C5D4D114EC41EAE3BDE9EF3BE7CC1674FC7AAA5520	receipt-resource-exact	3
NAR4C077C001Part020	NAR4C077C001Part020.lean	44684C2C1AEB58D7DCA20E39137CC9D963B7CB92CBBD5B6EA30DF60EF757B74D	receipt-resource-exact	3
NAR4C077C001Part021	NAR4C077C001Part021.lean	57E4BD4A803247B27367A0AEF9985CFED1F0D5492F2170EA65D6D3BA77635525	receipt-resource-exact	3
NAR4C077C001Part022	NAR4C077C001Part022.lean	CAE06A833D9BAC802146555D45B0FC6D52EB0F53007A89762B7F1D677E244BA6	receipt-resource-exact	3
NAR4C077C001Part023	NAR4C077C001Part023.lean	CA76134295501600D281CD2B0BCA55B86D0496CEB1AA593842C4BF5245F33A84	receipt-resource-exact	3
NAR4C077C001Part024	NAR4C077C001Part024.lean	84BD0599967312593F0E708542261162DF030647D3568D5C4A1B085B3023BF47	receipt-resource-exact	3
NAR4C077C001Part025	NAR4C077C001Part025.lean	0B12EBC653DE5618EA30FCF79055C3ED9E88E20A4A4CD1AC234F2D2B7816070A	receipt-resource-exact	3
NAR4C077C001Part026	NAR4C077C001Part026.lean	F6BE66BC2D8C10CCDB4D873CF7B6B35A7CA05BFD05B7E0E8B2C55B38E2F1E6DB	receipt-resource-exact	3
NAR4C077C001Part027	NAR4C077C001Part027.lean	38F0E229B2CF62C0709EC2246BF5B08EF8401AB1123F6C3F57C63C04553A580B	receipt-resource-exact	3
NAR4C077C001Part028	NAR4C077C001Part028.lean	4EABD91C7FE353CFA446EEED25B3068D48A773C01EDD66EC432B36175AE4922E	receipt-resource-exact	3
NAR4C077C001Part029	NAR4C077C001Part029.lean	B70A3591E2497C573175016F70BDE38507334E2C3C42B05AFF7ED977C0AF3EAE	receipt-resource-exact	3
NAR4C077C001Part030	NAR4C077C001Part030.lean	97D750C6E9FC675C9BFA0CC946717A4CB1361A9E8F0B02114DFA1D8DFFBA1BF3	receipt-resource-exact	3
NAR4C077C001Part031	NAR4C077C001Part031.lean	2490F94F243919EBD31843850A088C7A8BC7BE2C5DBE93CC8EBFFEC8873F1E94	receipt-resource-exact	3
NAR4C077C001Part032	NAR4C077C001Part032.lean	3BF1F8BF6DA939F955BCEB6AC44AE613A1707E1C33F5240571482F4499EAE204	receipt-resource-exact	3
NAR4C077C001Part033	NAR4C077C001Part033.lean	F77C95C06883C36AF7E8E6B3DB5C5D4F183010EE78032B5B2595ABB98724959D	receipt-resource-exact	3
NAR4C077C001Part034	NAR4C077C001Part034.lean	8B802EFC869DD622BA00D17E688C1E7ED3ECD34807D319C3F4C38269BE3C265E	receipt-resource-exact	3
NAR4C077C001Part035	NAR4C077C001Part035.lean	2353FB85A767DC49E9977D2F21A131DC833BC34D7644A6653BE0BC5040702898	receipt-resource-exact	3
NAR4C077C001Part036	NAR4C077C001Part036.lean	F1227899A965F97BA8717870A27CB66F7F2B32D3D70E8668943DC59F43A8B6C5	receipt-resource-exact	3
NAR4C077C001Part037	NAR4C077C001Part037.lean	63AABB9111A1BF7A36B0E8C0AC0CA11D4ECB1BC3562F21E7648CFBDB39F24E79	receipt-resource-exact	3
NAR4C077C001Part038	NAR4C077C001Part038.lean	F0ACED712C94AB6542E207CE74C04569D826B49ED341A7589D11E17F3F0A1951	receipt-resource-exact	3
NAR4C077C001Part039	NAR4C077C001Part039.lean	5FB687882596330DAE7A07B3C0EDA6C1B867A33BF3129ADC39BB0BF827BA5C29	receipt-resource-exact	3
NAR4C077C001Part040	NAR4C077C001Part040.lean	69DF8D968DEA967E75E29542E8A1CAFCB37AC67FEDADA56B2D5912648DA00284	receipt-resource-exact	3
NAR4C077C001Part041	NAR4C077C001Part041.lean	5C237C7CC53C4FF74F722E320FC19F98BF988B56BB96BE6F892465D28DF6A7B1	receipt-resource-exact	3
NAR4C077C001Part042	NAR4C077C001Part042.lean	F7057C4DA193EA00B7A3CF04485E55D6D3408A4164A2EB5859F92D4C533894FF	receipt-resource-exact	3
NAR4C077C001Part043	NAR4C077C001Part043.lean	DDF897C2A77833F7AD21FA465BD77D94C980209569EE68A4020CB9E584A31B56	receipt-resource-exact	3
NAR4C077C001Part044	NAR4C077C001Part044.lean	D026CC9B0B3C51E8116CA0E5E58CDDC489B55FE13612956482AA76C834456682	receipt-resource-exact	3
NAR4C077C001Part045	NAR4C077C001Part045.lean	37F21AFF708405D3FB2D0EB878F477F69E6C317A91EE77B9C4B4AED30E637B6C	receipt-resource-exact	3
NAR4C077C001Part046	NAR4C077C001Part046.lean	C4C215B6B0941887088F97001F341690C7E5404354B86AD0B3F3B016D65DFBB7	receipt-resource-exact	3
NAR4C077C001Part047	NAR4C077C001Part047.lean	D1ED6229A18087DD796DD08B434E7582F7D6468D85B28EAA5F5D938B315EB2E2	receipt-resource-exact	3
NAR4C077C001Part048	NAR4C077C001Part048.lean	EA9DF362EF76C51834AD23A2BB75748A01C1CECD6320B9C6ED18F49D3660DECF	receipt-resource-exact	3
NAR4C077C001Part049	NAR4C077C001Part049.lean	2EAF78906D1EE3B5451C2B7E265BE3EE4962F3C888B942358D13BAD86E0F775B	receipt-resource-exact	3
NAR4C077C001Part050	NAR4C077C001Part050.lean	1D3B9A03AA34A22DEF97CF1590A3F41CED3F821BAFB1E365A5DE87CAE09E9BD4	receipt-resource-exact	3
NAR4C078C001Part001	NAR4C078C001Part001.lean	DEA9C57B13BCB48AE24C44658B80BEE3C5AD8C37DA58715399423DEE80E75FDA	receipt-resource-exact	11
NAR4C078C001Part002	NAR4C078C001Part002.lean	ADCE5874F4622EF8A26132C4E7D04B0C330D177CEAEE00EE9123FE0C13E24829	receipt-resource-exact	3
NAR4C078C001Part003	NAR4C078C001Part003.lean	E4BC6A8A060CF2951286D0F181005225F496C7277A677FBB4EB2416D9867D5F7	receipt-resource-exact	3
NAR4C078C001Part004	NAR4C078C001Part004.lean	EBABA396F0D0A29A89DD001ADACE9CF81C5A6A0E7010849AE141C1CAD011875B	receipt-resource-exact	3
NAR4C078C001Part005	NAR4C078C001Part005.lean	77FE6CBA06CFCAC4E815812FB68CD09AB0FD765CDE8E68E9973246E4E1F7FF09	receipt-resource-exact	3
NAR4C078C001Part006	NAR4C078C001Part006.lean	899A76EA8F29CCB1FEDC00F5A4F5FF23B6D6CD75DE421B861692C2073AE2EF8A	receipt-resource-exact	3
NAR4C078C001Part007	NAR4C078C001Part007.lean	AF3F81659CA262F507F6063884725E681487F45254B2773A9972C74204566EAD	receipt-resource-exact	3
NAR4C078C001Part008	NAR4C078C001Part008.lean	B6C9940E979D506DC2BA61E72D1E54FBCC76EAFFF158A68AA4E57B5A072ADB39	receipt-resource-exact	3
NAR4C078C001Part009	NAR4C078C001Part009.lean	65DB1EDDEAE17E4C4F89A297B579E58DD877A4FE78CA131F81DB5076847C69F4	receipt-resource-exact	3
NAR4C078C001Part010	NAR4C078C001Part010.lean	C019EA41C165A0D7C6F3BCF757843CB524970E0619879BEF78647E58B94EBE42	receipt-resource-exact	3
NAR4C078C001Part011	NAR4C078C001Part011.lean	9430694C11DDA421E8DA6CFDAC7A667D377523A458780EFDADA0EDEAFFC02FFE	receipt-resource-exact	3
NAR4C078C001Part012	NAR4C078C001Part012.lean	F1503540A177C7A0D880A9C17C8F634624D5FC53E8C3023206058E9AE3BAC6FB	receipt-resource-exact	3
NAR4C078C001Part013	NAR4C078C001Part013.lean	246300FD82528343BBD1992D9093C9DF9FC4796ABBC90CDF774AEF0AAFAA9E9B	receipt-resource-exact	3
NAR4C078C001Part014	NAR4C078C001Part014.lean	FDA693299D0F84C547B7BD500A63D94BD7CF8104AC396DB7D9D121BCFA44324F	receipt-resource-exact	3
NAR4C078C001Part015	NAR4C078C001Part015.lean	16190C1E425C3E258A7C11897D62AEB4A25DC2D4C600801EAEDC3080C0182E57	receipt-resource-exact	3
NAR4C078C001Part016	NAR4C078C001Part016.lean	4416FBB8FFF708EF88F366CD13C6C770C7B69AA83BE9F2594DAB71CFFA6C9304	receipt-resource-exact	3
NAR4C078C001Part017	NAR4C078C001Part017.lean	8CE2683E473DFF8FE27BAA8AF6BA00846B6A4816BB102D06B95B8E44D08E376D	receipt-resource-exact	3
NAR4C078C001Part018	NAR4C078C001Part018.lean	72E4D778A4412492AB0D409A3F6E7DAFDFCE44396032118113E43C0832F0575E	receipt-resource-exact	3
NAR4C078C001Part019	NAR4C078C001Part019.lean	8F51A8A5A0EAF55AC4B9AF17774FA34D2D2DB28BE5673B7CE49BAFE657EFCC35	receipt-resource-exact	3
NAR4C078C001Part020	NAR4C078C001Part020.lean	63F9C9F0AB7640CB9C284503D189BDE69643C614636C70CC197A8BFAC4311FB3	receipt-resource-exact	3
NAR4C078C001Part021	NAR4C078C001Part021.lean	2E8117BBC4F32F3D9CED538564D716A8D0A51B4E0DF79C9E664166671F7EB936	receipt-resource-exact	3
NAR4C078C001Part022	NAR4C078C001Part022.lean	B2FC7B850577A986846BFB2AAFDF538F611DB2AF0CBF7F741F43EF2BDA607661	receipt-resource-exact	3
NAR4C078C001Part023	NAR4C078C001Part023.lean	38B58E5E18EFC3D86DBDE8C014490FE96C340A726BCD04C2D3E6E272DF06B5BE	receipt-resource-exact	3
NAR4C078C001Part024	NAR4C078C001Part024.lean	F9F5665F6986ACE5A7A1AD269EB45FD4D9F991797C1F8F1273E4C03F0AD59D75	receipt-resource-exact	3
NAR4C078C001Part025	NAR4C078C001Part025.lean	BB14A19C049DE007E810550825B534FC231B83AF577FA27F0ECAD5E8BE8FFE73	receipt-resource-exact	3
NAR4C078C001Part026	NAR4C078C001Part026.lean	FB63CEFE1FEE3C480E124203FE8685FFB7F875FA66FDF9FAAD4F5EBB20F9ECB3	receipt-resource-exact	3
NAR4C078C001Part027	NAR4C078C001Part027.lean	0B779AC3C3E250B6AF125CD8C7A0AEDF0A915E3982623C1A392E7C1F493000AC	receipt-resource-exact	3
NAR4C078C001Part028	NAR4C078C001Part028.lean	0896EF6E06CAEA49BC82B08CF70550DA690CA690D372AADF32F7E98CFF1E2E14	receipt-resource-exact	3
NAR4C078C001Part029	NAR4C078C001Part029.lean	14912C6BE6AB570FD2DFBBBB20BEA11C78039E965960320EE709E5F1A0AB3476	receipt-resource-exact	3
NAR4C078C001Part030	NAR4C078C001Part030.lean	EAEFDFC0F0A64171E3507CD0370B8D4A944DBDC9BF9917AEE64700741AAEA841	receipt-resource-exact	3
NAR4C078C001Part031	NAR4C078C001Part031.lean	2D73FBF7A51107D59CC72B84063BB7A00EFB1B89783FDD8C0499546893AD5D81	receipt-resource-exact	3
NAR4C078C001Part032	NAR4C078C001Part032.lean	EF59AF6AA26F7F54EC5BD29D5B420D78B79CE0261242505B9B84FA0FDDB8832D	receipt-resource-exact	3
NAR4C078C001Part033	NAR4C078C001Part033.lean	A210746799DAC4267405D3E283E226555EBDC8968D82C910E2E6003E551D54B4	receipt-resource-exact	3
NAR4C078C001Part034	NAR4C078C001Part034.lean	8DD9CA823EF15D5C69F0480F1C32718F82301F7069FEF1A631A0D748D89FF17A	receipt-resource-exact	3
NAR4C078C001Part035	NAR4C078C001Part035.lean	5ECF839B521F6CB0D05EEB0CA89799E7282A1FA3DFDF8046487BFA11BA5EA6A2	receipt-resource-exact	3
NAR4C078C001Part036	NAR4C078C001Part036.lean	AE5BA07E37FBCA36FDC3071ED5D5FCC96AB7BD6905E3C1CBDB032090D651BF99	receipt-resource-exact	3
NAR4C078C001Part037	NAR4C078C001Part037.lean	AFAE074448C97FD860892F98AD505F0CD3EE34C49A8037814808D92093680307	receipt-resource-exact	3
NAR4C078C001Part038	NAR4C078C001Part038.lean	AB00A55121997AA2DE9B9251728393049FEE099E6AD582669277D48C193506EE	receipt-resource-exact	3
NAR4C078C001Part039	NAR4C078C001Part039.lean	B10C814DC764DCDDDBFAECC012D7861EEE4806053081562A13D1A780EB42AE17	receipt-resource-exact	3
NAR4C078C001Part040	NAR4C078C001Part040.lean	DC09229A0559D9B9EEBD916CEBC28CA4F3D7C4AEF1B475D52E49BA2B9BF5CEFC	receipt-resource-exact	3
NAR4C078C001Part041	NAR4C078C001Part041.lean	A14C24E9AE5A0AAD6FB75AB80CBDA3239A806E4F3EC89E2F8D73C4FD84405490	receipt-resource-exact	3
NAR4C078C001Part042	NAR4C078C001Part042.lean	89030C2154A926BE17BBBAAFEEAF636F58809F5177D65801B046D4162DD75EF2	receipt-resource-exact	3
NAR4C078C001Part043	NAR4C078C001Part043.lean	E859A6150035CA2A06B3CDD4EF51E3C36E4014E490E8DD50C4ACCA226EF4B8A3	receipt-resource-exact	3
NAR4C078C001Part044	NAR4C078C001Part044.lean	37C0B70C8675347D66D70F15B1DF3AD712E897C26C012CB04428696406EE4D3C	receipt-resource-exact	3
NAR4C078C001Part045	NAR4C078C001Part045.lean	1CA8FB9B5814BFD770F8482984F3C6BB487425520C96A1F915F6F6B01EC2276F	receipt-resource-exact	3
NAR4C078C001Part046	NAR4C078C001Part046.lean	BEE005CF266F23524F15623C49EE09FAAB8710DCEBA61B5738E00E4CC35764E9	receipt-resource-exact	3
NAR4C078C001Part047	NAR4C078C001Part047.lean	04B5C04F3BD1303660D8C0A6D4C9A93BD85440C5843244CB1497CD8D3C4D6EF2	receipt-resource-exact	3
NAR4C078C001Part048	NAR4C078C001Part048.lean	B492F92AC0CDC6C4FE9C30CCB76F1FE1706065C245F40C0B32F3CB65E5233EAB	receipt-resource-exact	3
NAR4C078C001Part049	NAR4C078C001Part049.lean	DD24B1AC0C82F13987CB5249D5E3206DE47C6EDD382862743861AD3683859452	receipt-resource-exact	3
NAR4C078C001Part050	NAR4C078C001Part050.lean	ACABF957360A9EF5EAD0703F4ACD473B9EF8CD881B4BCE14FC5102874F549BA3	receipt-resource-exact	3
NAR4C078C001Part051	NAR4C078C001Part051.lean	558C9C5976C29542EB7EF8C805253012E0CF5B50EFD6E4B2B84A04966D43ED1D	receipt-resource-exact	3
NAR4C078C001Part052	NAR4C078C001Part052.lean	C79C4434F3519B6A59F41445F72302B8881CA472AA37BC278B90801071E01AC6	receipt-resource-exact	3
NAR4C078C001Part053	NAR4C078C001Part053.lean	2B3082B8F3731269441909E1EE517BBB0DBA9F05AE966B0B054CFC799F05D32B	receipt-resource-exact	3
NAR4C078C001Part054	NAR4C078C001Part054.lean	FC71E829496D9862F66B7732B78ECA1439DC7040D3BDA390287543E32D45B71C	receipt-resource-exact	3
NAR4C078C001Part055	NAR4C078C001Part055.lean	2C476F61A9838D0BF378BEB5401F8046C200F5815AF3BB763F9A4775F8BD534C	receipt-resource-exact	3
NAR4C078C001Part056	NAR4C078C001Part056.lean	63278436AB32362E54A711DCC512D2F5FDCAB6EB1DE8B70596FFD58605BE9A89	receipt-resource-exact	3
NAR4C078C001Part057	NAR4C078C001Part057.lean	2EAD403B375D87BBF5F3AE7A431EC9BC54A65FFBC1875C261CD411010B4FECE6	receipt-resource-exact	3
NAR4C078C001Part058	NAR4C078C001Part058.lean	DE70ED362A9F318C7B0830C3749FB6558055543A518EB40F550043A53151724A	receipt-resource-exact	3
NAR4C078C001Part059	NAR4C078C001Part059.lean	5758FC4AE987B011B6A5EA672CDCE7A511AECCCA99BD405F4E0D802FA9AA45B3	receipt-resource-exact	3
NAR4C078C001Part060	NAR4C078C001Part060.lean	D4183F667F53018379516890B978F0A37EB8DF9FF5C6A16FD20574E0997022A1	receipt-resource-exact	3
NAR4C078C001Part061	NAR4C078C001Part061.lean	FAD48AE4FC630F0AE5B8040E963D78474F9D953BC5D3E1720146B1A686FEF700	receipt-resource-exact	3
NAR4C078C001Part062	NAR4C078C001Part062.lean	5E43246680936C227FB7054509BD81EBF2BEA3005F5336D1983B5C9D3619EA99	receipt-resource-exact	3
NAR4C078C001Part063	NAR4C078C001Part063.lean	69B8509179854DC99435E95E606BE62A82DEF69B3B1CC24F2C499E084752173B	receipt-resource-exact	3
NAR4C078C001Part064	NAR4C078C001Part064.lean	E050CDFEEDDBD3B3F0BF0DD75BB2BCDB9FDC920807AD651E342E151D4DDB54A7	receipt-resource-exact	3
NAR4C078C001Part065	NAR4C078C001Part065.lean	8D2EFD79106C15DF576E0043ECD42A3F5D958F666822356A4CAB594B8E2BB038	receipt-resource-exact	3
NAR4C078C001Part066	NAR4C078C001Part066.lean	0190276CFB2B8AF3D10E0143359C060AEA9AA098D39D7F23DCCF2A8E8FE36945	receipt-resource-exact	3
NAR4C078C001Part067	NAR4C078C001Part067.lean	89AA6B88FFD9D563E9C5B9CFFA8E015F9F2DABA8C5C3E418546D991CD75D7AD2	receipt-resource-exact	3
NAR4C078C001Part068	NAR4C078C001Part068.lean	F8D70DD3AAA8648F64FAB107B7411F230ADB7FDBBD778788E6D13D048387770D	receipt-resource-exact	3
NAR4C078C001Part069	NAR4C078C001Part069.lean	73474572D3669569DB4A47F4CEC4F35BE2D19DBA04CD8E13CCF9F9E61C610DF6	receipt-resource-exact	3
NAR4C078C001Part070	NAR4C078C001Part070.lean	34E0828101167F2BF2CF1A8D4BC58254CAD9739AEBFC8DEF4CB1F72AEC1023D0	receipt-resource-exact	3
NAR4C078C001Part071	NAR4C078C001Part071.lean	D02D381E812F378ED40FDBA35A59BB36D7C92A04642A9EE7943BAE76A720F936	receipt-resource-exact	3
NAR4C078C001Part072	NAR4C078C001Part072.lean	2C267517F00C0BE29896573A2428407A5B02E3D62FB5352AAECDF4173DEF15FC	receipt-resource-exact	3
NAR4C078C001Part073	NAR4C078C001Part073.lean	83CB89E69517FF6EEFFB925263FD86A49E31D8611F1E53339807D6CFC2AEFE6B	receipt-resource-exact	3
NAR4C078C001Part074	NAR4C078C001Part074.lean	ACBC1936D3166145533FBEC12B6047787007519A8D0A71481808686BB7522872	receipt-resource-exact	3
NAR4C078C001Part075	NAR4C078C001Part075.lean	A97A72D23F208B78DE40B2915335FCBCC62ED6231D22362E8252E6D3C42047B9	receipt-resource-exact	3
NAR4C078C001Part076	NAR4C078C001Part076.lean	9F375C9E2D9362FB36FEF7208C4AB8C5A388F07C5EDE270B2018C471B3D9865D	receipt-resource-exact	3
NAR4C078C001Part077	NAR4C078C001Part077.lean	9B7ADC83F30A46F8B67419A20B8B3338F6E3A067A16829EAC7FDDB7B385B9C4D	receipt-resource-exact	3
NAR4C078C001Part078	NAR4C078C001Part078.lean	C9BE88F382938A1F543EA5934D17B3417562D8510C82097FC4C9D8ED92F7B08E	receipt-resource-exact	3
NAR4C078C001Part079	NAR4C078C001Part079.lean	D939701A320623FE72D6F8F264B576F09A5EB928D09016D24A3F67242E5E4F8C	receipt-resource-exact	3
NAR4C078C001Part080	NAR4C078C001Part080.lean	DD1C1BB5EDE0AB76DB622843A6C4924E245E282E19E3C1FBBEAC8136EE15D5E9	receipt-resource-exact	3
NAR4C078C001Part081	NAR4C078C001Part081.lean	53BC4024F3CF85E9CEAB03489D9BDCBD9F40C216AD57003798566979A58F1D9C	receipt-resource-exact	3
NAR4C078C001Part082	NAR4C078C001Part082.lean	4CABD58F1969DB5ADC86DAF9FDE5412615134DA1ED5AA86C9EAE47A224140604	receipt-resource-exact	3
NAR4C078C001Part083	NAR4C078C001Part083.lean	CDE78FFE22B8DDAB270664C6C8D362C55F516939645FA76D6D448E9067790782	receipt-resource-exact	3
NAR4C078C001Part084	NAR4C078C001Part084.lean	2FE187153801F9A48B27AE72FA79F00E4E0062B26394AD43F9A5BDC22C2C3069	receipt-resource-exact	3
NAR4C078C001Part085	NAR4C078C001Part085.lean	5A4433CF494BEE4DE121A49DA40999F7FB8A86249386B080DD2345C0B21BE9F5	receipt-resource-exact	3
NAR4C078C001Part086	NAR4C078C001Part086.lean	8125F7FF10A4DEB3C7C731FC7649A23A8A2C8427FD567F7AFAF6D5F0FABFBC2E	receipt-resource-exact	3
NAR4C078C001Part087	NAR4C078C001Part087.lean	E71E5988B6327B00A84A34A48E3CBB7EF67CFE03FF7F8BB1E46B0E968B5484F5	receipt-resource-exact	3
NAR4C078C001Part088	NAR4C078C001Part088.lean	6963D0370B6AD49A421F9578090F594B1E6F8EBA59C3BF7427664634FD937A60	receipt-resource-exact	3
NAR4C078C001Part089	NAR4C078C001Part089.lean	7BFC2DCEBABDC907A2F257779E2A214A6525D8A838D641BCE88943FE2B628C5A	receipt-resource-exact	3
NAR4C078C001Part090	NAR4C078C001Part090.lean	6A83C61C3288EB58BBBF8EDF57DB53A6481A07D3CA3E328D3E4E1AA7C8212C26	receipt-resource-exact	3
NAR4C078C001Part091	NAR4C078C001Part091.lean	4898D7C12FF06C7A373B1239097804404FCEC31608936C26CEBEE98628BFCBB8	receipt-resource-exact	3
NAR4C078C001Part092	NAR4C078C001Part092.lean	E9A9DB61BE791B7E4A7B073D28CAC91C8C3108882286D08E6635B409E89052E2	receipt-resource-exact	3
NAR4C078C001Part093	NAR4C078C001Part093.lean	CA04E50338965AAC3A4A90F023EB602988A395B29BC5FA409B310B1FA1ECF9B5	receipt-resource-exact	3
NAR4C078C001Part094	NAR4C078C001Part094.lean	B8730B124268DC7CB1FC0BC22F06D4C1E11F1C0F4F556F9BF200F27AEEA6E6DB	receipt-resource-exact	3
NAR4C078C001Part095	NAR4C078C001Part095.lean	8DC078F8A6AAC22853D2FDC778EC0BE264DC32BDB861AD75E6DEAE77A11FA326	receipt-resource-exact	3
NAR4C078C001Part096	NAR4C078C001Part096.lean	CCDAE77FE3E224C1D2FAE3578777D3DCBA880AC112B8E7C92409DC6319A22462	receipt-resource-exact	3
NAR4C078C001Part097	NAR4C078C001Part097.lean	97C22EF032CFC930AED8E62611CB39CA77EFC82D0003E431FB22693C748EB9E9	receipt-resource-exact	3
NAR4C078C001Part098	NAR4C078C001Part098.lean	6998D75737CD83C5A7A463C63F9C127FECB9D9A94C4EFCAA916FD25D99030338	receipt-resource-exact	3
NAR4C078C001Part099	NAR4C078C001Part099.lean	E3ACF66013567857BA269D5938EA6BB529F8AA4A2E61F4EDC04023E31F434989	receipt-resource-exact	3
NAR4C078C001Part100	NAR4C078C001Part100.lean	0F9A45B2EC1B86BB836F26F9A7D2B282E6E9BED4970DD9CA04D598BC16BEA535	receipt-resource-exact	3
NAR4C078C001Part101	NAR4C078C001Part101.lean	B3BCA5C9170120B1F9766113CFB42349125DD11177990C9611B4AA3849157E92	receipt-resource-exact	3
NAR4C078C001Part102	NAR4C078C001Part102.lean	CF9E476CD2BB6DBDA6478C962260895259C121AFFD8B1E096E6792844B7C85C1	receipt-resource-exact	3
NAR4C078C001Part103	NAR4C078C001Part103.lean	7D76C72D0D8987647BE9D2942F42ADE1AB7DF7BD35145B71CDA3DF5655031F98	receipt-resource-exact	3
NAR4C078C001Part104	NAR4C078C001Part104.lean	45BA36DCB0F048F254D3C9DAF74E0117129BEE17500F3DA1D89D53C40397D9E4	receipt-resource-exact	3
NAR4C078C001Part105	NAR4C078C001Part105.lean	19F45E597F1279EE3846F839F43BDB778BEF90BB5E04E621543AA37CBFF7DAE6	receipt-resource-exact	3
NAR4C078C001Part106	NAR4C078C001Part106.lean	12CBFAC103AE206A4E2E6F01183DC2255815E04BCA7892AB0ED36AAC700ACF3A	receipt-resource-exact	3
NAR4C078C001Part107	NAR4C078C001Part107.lean	C3935679B5EFFE7D003D97987A769C0A280DD369A36C3EC7CB4731CD4367918A	receipt-resource-exact	3
NAR4C078C001Part108	NAR4C078C001Part108.lean	45AEEDD4EEA9AA2C3274FD8936A6595424ABE4A289F6DE21E6B1F8D3BD8391AD	receipt-resource-exact	3
NAR4C078C001Part109	NAR4C078C001Part109.lean	6EB2D5355ED2460FD3EDB356670559C0A630FF9D3DF0BA2821F626BD917631F6	receipt-resource-exact	3
NAR4C078C001Part110	NAR4C078C001Part110.lean	1C3C629372D5210BACB53D5537E1694801F213B2487C8E760BE8CEB906F13572	receipt-resource-exact	3
NAR4C078C001Part111	NAR4C078C001Part111.lean	443E7504F4799EF95EF3A3925BBDBE8CBFC62C590D68996992FF5249E5116E12	receipt-resource-exact	3
NAR4C078C001Part112	NAR4C078C001Part112.lean	8257264DA10472CC73589E7F0674FD70C07EBB0599401D0245EBFF6165D28EAF	receipt-resource-exact	3
NAR4C078C001Part113	NAR4C078C001Part113.lean	DC7A256D4FC60F567DF80F9BBB3B5C40AC63B104BB8A5E7028AC47E8A64937D2	receipt-resource-exact	3
NAR4C078C001Part114	NAR4C078C001Part114.lean	E720AA0E174AA80073C0340AA1E9AD3BD4835E1FCD066A09773B914449CA5ED1	receipt-resource-exact	3
NAR4C078C001Part115	NAR4C078C001Part115.lean	E233C02AC1B38D57A2961394A6411EA95E54A9239ACA0B05F8551A1DB4EE1128	receipt-resource-exact	3
NAR4C078C001Part116	NAR4C078C001Part116.lean	DECF1D1508678FB52A7C3C5B28F2FFAB0403C13C85C3BA4E6D1E6AB1E60EC329	receipt-resource-exact	3
NAR4C078C001Part117	NAR4C078C001Part117.lean	3F3F763BC3D618D0B493CFF5509CBD6B11DCC66A16BA2644622A0D360AAEA023	receipt-resource-exact	3
NAR4C078C001Part118	NAR4C078C001Part118.lean	EF10B344B455039486FD4AE6982697EB5444BA661B16ADD8500869FB8187CE5B	receipt-resource-exact	3
NAR4C078C001Part119	NAR4C078C001Part119.lean	270165571B1ED30A5A2077D96493E9D6B5D44B1E71C51D74726B9F17F9F7E08C	receipt-resource-exact	3
NAR4C078C001Part120	NAR4C078C001Part120.lean	11D437C970EDF70A84D66EE6E573B619389D157C755DF8245CA088601080EB25	receipt-resource-exact	3
NAR4C078C001Part121	NAR4C078C001Part121.lean	5D916637865DB06D3761270728C9160AF20ED7E0335E90CB2E0A05FD429D412B	receipt-resource-exact	3
NAR4C078C001Part122	NAR4C078C001Part122.lean	FE51B3624D7F333032E85B64F946BA6EFC1CCDAE4ACBB4F6A0265E7C209C123D	receipt-resource-exact	3
NAR4C078C001Part123	NAR4C078C001Part123.lean	1F93AD4BFE65576C659A21CD74944099F5F9EB1978DAE095234956B97B3E155E	receipt-resource-exact	3
NAR4C078C001Part124	NAR4C078C001Part124.lean	2801924D4CB45C668D8EDA4355CE8A68C976BD27281BD60A6A553A28540607CB	receipt-resource-exact	3
NAR4C078C001Part125	NAR4C078C001Part125.lean	5B3FE40E104BBED0265C0B6DBB202AB05628EFB1F10514A5207E9C12B7B819F5	receipt-resource-exact	3
NAR4C078C001Part126	NAR4C078C001Part126.lean	C72679D394E52EFE3B756438B7DBB892B9918167ADDE53C283FCDA93F955C20C	receipt-resource-exact	3
NAR4C078C001Part127	NAR4C078C001Part127.lean	815806A2BFD9BE598566BF00AD971635BBB18A6FD7ED3636D1704A4A14DCFC9C	receipt-resource-exact	3
NAR4C078C001Part128	NAR4C078C001Part128.lean	A450E64D779E2D9B32667E81E0A811AEF8EB4BB133AF2A204891CAB221316FB0	receipt-resource-exact	3
NAR4C078C001Part129	NAR4C078C001Part129.lean	83DF9EFE400B7345B26A23ED132A9586F08AAA726B9EF3466A0A4A546F72C5CE	receipt-resource-exact	3
NAR4C078C001Part130	NAR4C078C001Part130.lean	A7717D6ED9DE8AE53E84AEBE52BDAB388983DE8A9418FA5B8C9761EBA0B9B61E	receipt-resource-exact	3
NAR4C078C001Part131	NAR4C078C001Part131.lean	841863166E2ED4A51BDAFB8088828CDFDE11A97C6D4AE9E4FEEDCAB9110E4628	receipt-resource-exact	3
NAR4C078C001Part132	NAR4C078C001Part132.lean	288A7DFE9239D5C8C9983D43449C90851A5653FD7F91754C04585815FD38A05C	receipt-resource-exact	3
NAR4C078C001Part133	NAR4C078C001Part133.lean	764250F9815D186032BBD1E03AC9701CFE4C2A5027BA0667CDD5C5BCBF339C02	receipt-resource-exact	3
NAR4C078C001Part134	NAR4C078C001Part134.lean	2AC98B8FF4A758D13F39DEA67D41F73155FA6D524269C8F87D6F06C5C80256A7	receipt-resource-exact	3
NAR4C078C001Part135	NAR4C078C001Part135.lean	E55A08F0709F553140068DD35FD597DCB8AF8F3F33F5D507B8746402CCCE77AD	receipt-resource-exact	3
NAR4C078C001Part136	NAR4C078C001Part136.lean	66205DC318CBD2F80F78475670C74E552C94EB5D2592C01B8E7422522E731300	receipt-resource-exact	3
NAR4C078C001Part137	NAR4C078C001Part137.lean	BB94B7C2F3C625E0EAF8BDBC603B06AC9686471B5B5C2B19D11DF51EFB5C39F0	receipt-resource-exact	3
NAR4C078C001Part138	NAR4C078C001Part138.lean	791B7010808100CCED054DA4419082E652493E6141918B2B88383773D129E194	receipt-resource-exact	3
NAR4C078C001Part139	NAR4C078C001Part139.lean	C614CE7B5CFBE9D76C00BD79AA2A1218A89D14EADE51B53E34C88292F098CA4D	receipt-resource-exact	3
NAR4C078C001Part140	NAR4C078C001Part140.lean	240DC6B68A119365373AEF0518AB0B50BDE27D3B7BCB0511723760E8DD41C4AC	receipt-resource-exact	3
NAR4C078C001Part141	NAR4C078C001Part141.lean	FCB0F420315DA1478E80AEDD46EFD1542823D35DC2ECA5A65BBB92286F97696F	receipt-resource-exact	3
NAR4C078C001Part142	NAR4C078C001Part142.lean	ACF5CAC9D45673984FC3AA00CC8D359B054489A1048DA250100023D4B2916AE4	receipt-resource-exact	3
NAR4C078C001Part143	NAR4C078C001Part143.lean	CE46ABBC12D571793CFDDDDB38E1ECE4AC47878091350169BD754335ABE6D45A	receipt-resource-exact	3
NAR4C078C001Part144	NAR4C078C001Part144.lean	A9F7B7AF38594A6BEC9DFE8635E4D79E9F5A74A5CB2DD5DA6EA90943849455B6	receipt-resource-exact	3
NAR4C078C001Part145	NAR4C078C001Part145.lean	C0B2F3FA1CF79D9213866E276B40C81F11484F363CC2DA732FC9A7F41ADB890D	receipt-resource-exact	3
NAR4C078C001Part146	NAR4C078C001Part146.lean	642021A88E562CA80A454F01A6980C4CABB37F6B0366A3701C8BC8D556FC4725	receipt-resource-exact	3
NAR4C078C001Part147	NAR4C078C001Part147.lean	5028683A3E8AD74435561E3764FD923BE8EA39F692D7DC6E4D8C77D819F2CEA6	receipt-resource-exact	3
NAR4C078C001Part148	NAR4C078C001Part148.lean	3139EF5B7581C51C3AD809C73EBEF8C877FD824D448D164EFC155A246F339ED0	receipt-resource-exact	3
NAR4C078C001Part149	NAR4C078C001Part149.lean	59BD09D35F36FAD582824A43D60804316E960515C0E6486C66A7A4A21ADED349	receipt-resource-exact	3
NAR4C078C001Part150	NAR4C078C001Part150.lean	05D17DB9A1212CCD1D746930AF013FBF38C2BD9BA7A977C896F79CF40419F8E9	receipt-resource-exact	3
NAR4C078C001Part151	NAR4C078C001Part151.lean	1868B8046B6A806BB0D388EB0CFBC9BCD493C18B9341F9796EEE6EB1633516D1	receipt-resource-exact	3
NAR4C078C001Part152	NAR4C078C001Part152.lean	DBA3B169D3E52ED2F4FCDA314C67F850730D0242FFD73740A5ECE6448DE4D2B8	receipt-resource-exact	3
NAR4C078C001Part153	NAR4C078C001Part153.lean	8C707F0BDA30AB25D5185A151825BA479665187CF72715216D87E744935ACE8C	receipt-resource-exact	3
NAR4C078C001Part154	NAR4C078C001Part154.lean	18D4721FCFF01C05212E9829B9EC15067B9711619410462DAE8C06950867814C	receipt-resource-exact	3
NAR4C078C001Part155	NAR4C078C001Part155.lean	C8C22EB3342DB1EE3A34B51A28516B6CB354F75F97B58ED108EE11F19960F606	receipt-resource-exact	3
NAR4C078C001Part156	NAR4C078C001Part156.lean	2F6F1F6EE11DC74ED5D771E447D08859686D729329F47DB2754595010DA90026	receipt-resource-exact	3
NAR4C078C001Part157	NAR4C078C001Part157.lean	DEE43CEBB96F7D20037A5813E2E44C6F5F7C78DAFAB14F0839FF6C8E0C7F0F11	receipt-resource-exact	3
NAR4C078C001Part158	NAR4C078C001Part158.lean	C6D36A923F072EC0FD325A3D19702A583F33480E5FC0821854C9159C25257E45	receipt-resource-exact	3
NAR4C078C001Part159	NAR4C078C001Part159.lean	36F3A325C64D6B34D89141093B12D8F8207B0E927BFD520DEDB637F0E28DE3F8	receipt-resource-exact	3
NAR4C078C001Part160	NAR4C078C001Part160.lean	63BB8AFE5A71E691C8FC63DC39670C0965258E9B98D7F1C22F6499D9994081E4	receipt-resource-exact	3
NAR4C078C001Part161	NAR4C078C001Part161.lean	B1195DA722F794CF70ADE1A928BF4E11C100395E436681B822ECEE4C4EEBC895	receipt-resource-exact	3
NAR4C078C001Part162	NAR4C078C001Part162.lean	55781649EF47CD99E32F370197DB4820F5C239693678EA2D58AD12829B844B92	receipt-resource-exact	3
NAR4C078C001Part163	NAR4C078C001Part163.lean	74B50084FE99DAA50A7DF25650E1FACEF68C68279585489FF32E98751221995B	receipt-resource-exact	3
NAR4C078C001Part164	NAR4C078C001Part164.lean	FA29979DBC2F11412C9FA1EA269A7F7509EF6CF2BC357FEB2E9D869777256FA2	receipt-resource-exact	3
NAR4C078C001Part165	NAR4C078C001Part165.lean	6D7D56B78C009335A2EF752F93055ADB81615171F44D6583775ABC030D8DEA45	receipt-resource-exact	3
NAR4C078C001Part166	NAR4C078C001Part166.lean	1451D70792DF1BCE23731C2F3364E6AD2980EC10E3E693217CC5233447983D9F	receipt-resource-exact	3
NAR4C078C001Part167	NAR4C078C001Part167.lean	CCB6F0C8657257258706C005E9C781175A5269752559DADA3DB3E065F78CB9A2	receipt-resource-exact	3
NAR4C078C001Part168	NAR4C078C001Part168.lean	961CE71BA62FCC3DAE419E8C10CB5207F2E95CA920CFCFB475EDF7C34EB0EDE3	receipt-resource-exact	3
NAR4C078C001Part169	NAR4C078C001Part169.lean	FEBED96FDBF7E95263FB5D9935A2180DEE0F3A4CBE330973A34CD5E69D0B9C57	receipt-resource-exact	3
NAR4C078C001Part170	NAR4C078C001Part170.lean	B59CB643E9111AD7CAB339F8389A24960D5F2AF9C4DB884EE4F7AC7C824B6F1D	receipt-resource-exact	3
NAR4C078C001Part171	NAR4C078C001Part171.lean	EAD09BAA73BAA78EE79B709CD6A737945F6BA497BA52A10C65D5E3D571CEAB24	receipt-resource-exact	3
NAR4C078C001Part172	NAR4C078C001Part172.lean	122E522253A4CF33E514A893A96F171DFF26026D4AC4F869DD0A9F78F69C2400	receipt-resource-exact	3
NAR4C078C001Part173	NAR4C078C001Part173.lean	95FCEE748A1CB4832AF39BCA62C398BBFD9A89D18FA079C5805C7531901AD4EB	receipt-resource-exact	3
NAR4C078C001Part174	NAR4C078C001Part174.lean	AF11C0A2A1984234C311CF776662EFCC4C8366379B38FD4E7A7EB40EB272FAEF	receipt-resource-exact	3
NAR4C078C001Part175	NAR4C078C001Part175.lean	5978A56098B31242769FE369EA44C30B356AB6D590D4A0F5637DE49A37BBC22A	receipt-resource-exact	3
NAR4C078C001Part176	NAR4C078C001Part176.lean	839AAEEE3124AD858E467AAF5144DA102171066252E6B1915DAD26964BD6316D	receipt-resource-exact	3
NAR4C078C001Part177	NAR4C078C001Part177.lean	1A060754A0872FBEB768BFEFF933708F391E38E2B7AF7DCAD8D7B99AF1546403	receipt-resource-exact	3
NAR4C078C001Part178	NAR4C078C001Part178.lean	9F76232C98529C683AD92C1910B06B02AA390E1B58DDF7A1D99D7293F3E7D2F3	receipt-resource-exact	3
NAR4C078C001Part179	NAR4C078C001Part179.lean	1760DB93380582E782868C76D0BC868D6FDCC2889F41E445A2B9E81302B89C95	receipt-resource-exact	3
NAR4C078C001Part180	NAR4C078C001Part180.lean	64B990582F7652FAB88B7B836D58C09BBD2E8A3DC9D406BB01677E2AF7D03216	receipt-resource-exact	3
NAR4C078C001Part181	NAR4C078C001Part181.lean	C38F464B132E7961B378250A3A6767F97B163AE0BC4D24FD9ECD08B045047DFD	receipt-resource-exact	3
NAR4C078C001Part182	NAR4C078C001Part182.lean	978FFEBB7D7CCF67AFFF80F4ECAE4928620D3A777F5C5E4B0937E64DEBFC1F0E	receipt-resource-exact	3
NAR4C078C001Part183	NAR4C078C001Part183.lean	E3973534B6224F724A3F0A63E0CF0E1D6FD657E113E02F7318A7554D96888944	receipt-resource-exact	3
NAR4C078C001Part184	NAR4C078C001Part184.lean	A33BB56834D671411C0F11AFCBF302273A59B600418CF01192B63125102480C9	receipt-resource-exact	3
NAR4C078C001Part185	NAR4C078C001Part185.lean	A5D533512ACBFC285D14CB962E7B71CC72DFAD21A345244A4350048C1A20EECE	receipt-resource-exact	3
NAR4C078C001Part186	NAR4C078C001Part186.lean	99A04B5A1D0A81DB719379A6CC9A4BDF03FA3DE3EBBDE013CE5316B55BF47DE0	receipt-resource-exact	3
NAR4C078C001Part187	NAR4C078C001Part187.lean	D812E1DFFB2B4751DF1D1FC35D45C30524B7FE06FE218BF21633D4EB1A714D8C	receipt-resource-exact	3
NAR4C078C001Part188	NAR4C078C001Part188.lean	EABE0AF90209BAD7A3670F5D453BD175A9754E7CC08E80BDAB97A63DC7D0C46A	receipt-resource-exact	3
NAR4C078C001Part189	NAR4C078C001Part189.lean	879EB11ACAA08B8D4B4A684AD8678D4DF1AF2AFF530D54FAE691C9D47E116566	receipt-resource-exact	3
NAR4C078C001Part190	NAR4C078C001Part190.lean	2EF25CC1297EBBB39C00DAF5293BBA4E7B89CF7700DBE802561D647B6D6931DE	receipt-resource-exact	3
NAR4C079C001Part001	NAR4C079C001Part001.lean	297AB894D2DEBA4CC7F8E62C150F40FBAC8E5C78EFC7B61201BC984A02F56AB6	receipt-resource-exact	11
NAR4C079C001Part002	NAR4C079C001Part002.lean	B925AAF46C6AA24874A223A5CB0BE407F66183185C476F0D59718FAE97FE1F94	receipt-resource-exact	3
NAR4C079C001Part003	NAR4C079C001Part003.lean	E8F6326BD1CA4F279106E254D77D48E276C208167C1BDFBD141F9D36F42D9318	receipt-resource-exact	3
NAR4C079C001Part004	NAR4C079C001Part004.lean	AE2E0F93E5E6485C585A1531D17BB8513B6E7EDE5CBD0607D3DB7D8858545DDF	receipt-resource-exact	3
NAR4C079C001Part005	NAR4C079C001Part005.lean	A81FC02B777EE63C5A912AAAD15782CF10768EFD8CED9640F9E08355A832BCF0	receipt-resource-exact	3
NAR4C080C001Part001	NAR4C080C001Part001.lean	087F3B359E7638DA80B0B404CAF1BBF7BD69405F67FE8B2ED6EE4C760E447B55	receipt-resource-exact	11
NAR4C081C001Part001	NAR4C081C001Part001.lean	46E725A89F176F4772F0D4DEA3DC2B4A39C47498C698A8326CF0122B2765CB18	receipt-resource-exact	11
NAR4C081C001Part002	NAR4C081C001Part002.lean	5E21B2E655208A8FF7D06D8B6943455B2851C762C768E09CE258060270677CEB	receipt-resource-exact	3
NAR4C081C001Part003	NAR4C081C001Part003.lean	DD2C2110A7132AE1E213A7B162FC78272B72DECBF1FA74478A0EA2FB8DB378B5	receipt-resource-exact	3
NAR4C081C001Part004	NAR4C081C001Part004.lean	7738EF03B4F62B2D8D5FDD0EEAAF855E392F6C827976E7E7D6A4481DEAE2E3A2	receipt-resource-exact	3
NAR4C081C001Part005	NAR4C081C001Part005.lean	46B05DC9A7503BD7AA9D05A36DD0A2DAFC284742718595C8E933CD833A423924	receipt-resource-exact	3
NAR4C082C001Part001	NAR4C082C001Part001.lean	76D23CAF42AEF694D875317F53AA00E5B3BE22AD97CBBACC8091CDABBA1F4348	receipt-resource-exact	11
NAR4C082C001Part002	NAR4C082C001Part002.lean	4BC3E685A4549FEB1CEFCBE37A267ACD2CF4D4C64239E53D48C824567D64E15A	receipt-resource-exact	3
NAR4C082C001Part003	NAR4C082C001Part003.lean	78128F5834CE4095137562B92E054ED2418E8C4FE48BAF4FF5DE46CD78A20A02	receipt-resource-exact	3
NAR4C082C001Part004	NAR4C082C001Part004.lean	C43DB3BC22E7F66115F50F1720F9E1C7BD86C6B274E49745B97A98AE4F77A1FC	receipt-resource-exact	3
NAR4C082C001Part005	NAR4C082C001Part005.lean	99A08A1F11944C3A1D3C056B0477E1B2CEEE3C5B58E433BF7CE6D6BA6CA1ADF5	receipt-resource-exact	3
NAR4C082C001Part006	NAR4C082C001Part006.lean	7D312BCAD0E8D0C4F4B6A901A3D05031F8A735433030C2F2C0C3CB0696276610	receipt-resource-exact	3
NAR4C083C001Part001	NAR4C083C001Part001.lean	FE8529AA23CF33DD218CE1CEE37F1339B0A5C70CBC01641B7FD40A7C6D140E70	receipt-resource-exact	11
NAR4C083C001Part002	NAR4C083C001Part002.lean	6DCE7CE9C9CD8022569C2BDD522753C8A8140ED8DF32D2ACC122146BB7FF5A71	receipt-resource-exact	3
NAR4C083C001Part003	NAR4C083C001Part003.lean	CA595D9016BFAA47ADC5F6DFFB2579211B28E854C3BD518E90835BF2B40B2298	receipt-resource-exact	3
NAR4C083C001Part004	NAR4C083C001Part004.lean	8089AEBC95E9D28D4B5FD5DCEF9C51C9CD0FB3D80AC5F4A1CBAFCE91F725E6B7	receipt-resource-exact	3
NAR4C084C001Part001	NAR4C084C001Part001.lean	0EAB5893767960A39C26DA41735003073EAA690953916EF04C8563A8B9395587	receipt-resource-exact	11
NAR4C084C001Part002	NAR4C084C001Part002.lean	DB27CC3158AACC19EBF28E04C1441CFBB6C4024628C0155D41857BE9B652FAA2	receipt-resource-exact	3
NAR4C084C001Part003	NAR4C084C001Part003.lean	CC55449CC08AF9B5501459ED0C1435197F7471BBE3130C58EB66F5A28C202D7A	receipt-resource-exact	3
NAR4C084C001Part004	NAR4C084C001Part004.lean	DDCE306F33AC76E8E1C1F4C7822AC299EFFA7E248447B47DF4CF0EFA57ACF3F8	receipt-resource-exact	3
NAR4C085C001Part001	NAR4C085C001Part001.lean	B3283C7B6E3CD328AAC2BB02784D097364DF507C5783787A1F116276611E15D3	receipt-resource-exact	11
NAR4C086C001Part001	NAR4C086C001Part001.lean	D5BE2C2CAC037D289D7382CD86B3A434A8A737AC928308274B0B4B31BD97BAC4	receipt-resource-exact	11
NAR4C087C001Part001	NAR4C087C001Part001.lean	673BE83EF948E6B77077B7A9C9060BA873BB8358B2456D856E1F889D2B8E4A6A	receipt-resource-exact	11
NAR4C087C001Part002	NAR4C087C001Part002.lean	F0AA13976B4012E69EDFD542CA1221A1A5E217E76E1515B3695926042F055BD1	receipt-resource-exact	3
NAR4C087C001Part003	NAR4C087C001Part003.lean	E35FEED2CE3920C1A6C8750344FC153FDAEA23AC0BB50F9119ED6DB2DFFACECD	receipt-resource-exact	3
NAR4C087C001Part004	NAR4C087C001Part004.lean	23BD000EA7FA9C953C33BCE1D757BDEB17EFFC3143E166B7339B28907B030997	receipt-resource-exact	3
NAR4C089C001Part001	NAR4C089C001Part001.lean	17E971470749262296BD84C83C30D1CEB22EBDA6F9DEABD5A2CE4FE37D29D10E	receipt-resource-exact	11
NAR4C089C001Part002	NAR4C089C001Part002.lean	F72DCC9FF9F2801B2616DF1A0E5D1D0AF808D1E25D4263BE2743E86C7D6852B3	receipt-resource-exact	3
NAR4C089C001Part003	NAR4C089C001Part003.lean	1E09018650F03F7239C6F93A0AD313470415DA97984DB1F393180CDA278B60A1	receipt-resource-exact	3
NAR4C089C001Part004	NAR4C089C001Part004.lean	5E69E301621608A516B66AC4F0EBE2CFB28D980BA9A9504A383CCF684203A710	receipt-resource-exact	3
NAR4C089C001Part005	NAR4C089C001Part005.lean	05AF22E58D03364243CFABCBF3665E39EA2971F2DA7CD84CDB5BE2037B9EAB7A	receipt-resource-exact	3
NAR4C089C001Part006	NAR4C089C001Part006.lean	2E60FF09D3ACAC482F8807F25D0D04B574CD15DBEF8BF060617E758944D19526	receipt-resource-exact	3
NAR4C089C001Part007	NAR4C089C001Part007.lean	46DC3303227B13FD9EC914798702546D18E53AAD5AF7BFCBC3A648301F269DD6	receipt-resource-exact	3
NAR4C090C001Part001	NAR4C090C001Part001.lean	28AB36D9144B623D2D8AAA598742BCFD58B1A193FA0FD3C3F8B06E951DADCC86	receipt-resource-exact	11
NAR4C090C001Part002	NAR4C090C001Part002.lean	2B07445BCA4C1F3BE9DE684C4D8F3A3DCDBE1F3F13C06EBE406A3296918DBFF9	receipt-resource-exact	3
NAR4C090C001Part003	NAR4C090C001Part003.lean	E1C0E513B8C79984A0EB56CA012A86B7D9EA9F1ECEDFB54F8DE3875A37E377EE	receipt-resource-exact	3
NAR4C090C001Part004	NAR4C090C001Part004.lean	2C30A5A385E684AF2E051F6702B5D2A2D626B10414714ECF4C8C4D7B270F0B57	receipt-resource-exact	3
NAR4C090C001Part005	NAR4C090C001Part005.lean	D794B916027FC51112DA266E30F4CEECE2EFBB0C23FA185172285F2E6F6CB6F5	receipt-resource-exact	3
NAR4C090C001Part006	NAR4C090C001Part006.lean	8D7F0ED9C1A22798D7DA61FC5CAF14398F75CBC52D51184D4A8ED59564BE5677	receipt-resource-exact	3
NAR4C090C001Part007	NAR4C090C001Part007.lean	C4BE856FA5C2F6A19C49EC25A48A1CBEB67E3AA3E32FEC5C8A84DE34FCAA4E19	receipt-resource-exact	3
NAR4C090C001Part008	NAR4C090C001Part008.lean	6E5FE45139A4AEA695EB7487E9093E8A656A10FBFF668E37ED1DD1CFFDA0B783	receipt-resource-exact	3
NAR4C090C001Part009	NAR4C090C001Part009.lean	9B707580CD86C8803AF05CD5504C67216589F52A47967399D5C9EA71C7EE0E81	receipt-resource-exact	3
NAR4C090C001Part010	NAR4C090C001Part010.lean	21D65759201320ADAB32D16131C2D1EBBCFC5A77D42E7504A9270133944100D6	receipt-resource-exact	3
NAR4C090C001Part011	NAR4C090C001Part011.lean	9ADBF2A3363DBAE07D60E2A91235405D22EC1E233DA93F479FA0124904184F7B	receipt-resource-exact	3
NAR4C090C001Part012	NAR4C090C001Part012.lean	9DFA7392F4B6D1EB7C920BA8BB0F4903FF162E19D34D0C8BA510ED7E7E17D567	receipt-resource-exact	3
NAR4C090C001Part013	NAR4C090C001Part013.lean	F1746F1D8A1241C1D99D37D8A5C57EBCFF603B343D9E237619D521449222CA63	receipt-resource-exact	3
NAR4C090C001Part014	NAR4C090C001Part014.lean	C70DB52DD34BA7B350489310779E81923B56007159521FB475943605F3EB6411	receipt-resource-exact	3
NAR4C090C001Part015	NAR4C090C001Part015.lean	84C1BABAA84DF4A1A0ADE7FF041B290FC77515BF6BC7330821CF9F0A1B66A2D6	receipt-resource-exact	3
NAR4C090C001Part016	NAR4C090C001Part016.lean	3FFFBB0E5AC5FE030233FC2E36CBDC1C9FA0EC74AEA5AD34B300DF5EA08ACA9B	receipt-resource-exact	3
NAR4C090C001Part017	NAR4C090C001Part017.lean	A3D7205F9F4030CA494EE9472CF86C3AB22BD0C65400F57D0AA02EBFBBD81206	receipt-resource-exact	3
NAR4C090C001Part018	NAR4C090C001Part018.lean	943F7CC6C7C69CB947322A40F67B55654A7636F9296F0D3CACB66A8BFA67F861	receipt-resource-exact	3
NAR4C090C001Part019	NAR4C090C001Part019.lean	75E5B7493BA65E30EA00F773BF28D1A4E940092469F0729388A9692A3E5A3DB3	receipt-resource-exact	3
NAR4C090C001Part020	NAR4C090C001Part020.lean	6D8A61039AC6405118472D1D7EF9ED812F6C4B06DBB4C8571C86E0551EB9389D	receipt-resource-exact	3
NAR4C090C001Part021	NAR4C090C001Part021.lean	BFAAEC12D7F87C0A400456434ADF3E6F1F10CF230D92B0F12C7015E2B5915127	receipt-resource-exact	3
NAR4C090C001Part022	NAR4C090C001Part022.lean	9A5DD5C77146DE7A69A9AD1E98B0FF10214618370EABD04155D73F87BC5C31A3	receipt-resource-exact	3
NAR4C090C001Part023	NAR4C090C001Part023.lean	E3A699C42C45EAEB570F330EF25299DB1769609DD9DC3655BC1138EEB282AA73	receipt-resource-exact	3
NAR4C090C001Part024	NAR4C090C001Part024.lean	D2C487256EC599AE2CE97DC028FD41B52DC7142B78256140FF02983860EE0D74	receipt-resource-exact	3
NAR4C090C001Part025	NAR4C090C001Part025.lean	2AA3C271FFD79B15AA54BC27201C37948033FDB94752DB863B23067E0893F12D	receipt-resource-exact	3
NAR4C090C001Part026	NAR4C090C001Part026.lean	0FFA197E389F98FADE4D95F8554F7F8667CB4EF1756050AF46EF37E9F943A416	receipt-resource-exact	3
NAR4C090C001Part027	NAR4C090C001Part027.lean	1BE0D7C3F94D46CE53A6BCFBE9501B3DD6681A08809D3E5FF4D3DDF76BDC79BB	receipt-resource-exact	3
NAR4C090C001Part028	NAR4C090C001Part028.lean	5852292D28E8FBB02DE1B3A5CC6CBCE39DA4728D4B22917C63936042C68C0552	receipt-resource-exact	3
NAR4C090C001Part029	NAR4C090C001Part029.lean	3E6039384D1C0A3DB37CEEAF48580C7C146283ACF846C35AAEF939B1D3E57880	receipt-resource-exact	3
NAR4C090C001Part030	NAR4C090C001Part030.lean	B959E7B7863980E1121F8F7A2C037698B7D8F03BA03E8E4047416D184216DFE7	receipt-resource-exact	3
NAR4C090C001Part031	NAR4C090C001Part031.lean	95F834242ED7E75416DEE5F0EF98864F816A1A143F861CF650A554E0D2077509	receipt-resource-exact	3
NAR4C090C001Part032	NAR4C090C001Part032.lean	A0EC96390E5FCE0F9060B84FA643F048620E424749663B0A23DD299F281E8016	receipt-resource-exact	3
NAR4C090C001Part033	NAR4C090C001Part033.lean	A1215561B74C77215D9041F615D0BDB099822D894A92C25377A27290F4CA998D	receipt-resource-exact	3
NAR4C090C001Part034	NAR4C090C001Part034.lean	B39E117304A754C2B48B2B0CA297D4E08211179C08FDCF3BF0BA7C53956977DC	receipt-resource-exact	3
NAR4C090C001Part035	NAR4C090C001Part035.lean	BB4B140BAEA4A70FBA94D4EFEDB7902383D20CB1F30A20138AB56F0100AB9AD9	receipt-resource-exact	3
NAR4C090C001Part036	NAR4C090C001Part036.lean	BA609500D19D420988CFED1C83E94B98723D1E040E0DF8F666AEC52DEA4934E0	receipt-resource-exact	3
NAR4C090C001Part037	NAR4C090C001Part037.lean	BCEB1E28491ED41955212786C44553B95C5F1474198904B6175651D2DEA8A0E0	receipt-resource-exact	3
NAR4C090C001Part038	NAR4C090C001Part038.lean	FC1E4207899396DB273FE0BAA74E4CBEA6ABC2C7F8056135F451136287373AE8	receipt-resource-exact	3
NAR4C090C001Part039	NAR4C090C001Part039.lean	A9EBA5BD8A1A0BD333283F484BED1FC7219B77B427A257D57B4CB81DB683ACC9	receipt-resource-exact	3
NAR4C090C001Part040	NAR4C090C001Part040.lean	E96D673A1099ABFF747BD5468FA5129935D7E0A89587A5445CDB2A60BA504EA2	receipt-resource-exact	3
NAR4C090C001Part041	NAR4C090C001Part041.lean	0E9E170C0490979020F62DE70B69D9BFC026A7316614AD04194950FDD810B131	receipt-resource-exact	3
NAR4C090C001Part042	NAR4C090C001Part042.lean	3DAA2CD6121AF2F063F070520ECAC9B0C4E7172107E5176C46BA01749D4408B4	receipt-resource-exact	3
NAR4C090C001Part043	NAR4C090C001Part043.lean	75233FEA495B1BA965BE9A7DA9E3981BAD6775FB8ABFDC5365B0E466B0DF4BF9	receipt-resource-exact	3
NAR4C090C001Part044	NAR4C090C001Part044.lean	85D86DD8D5F36563D073913456CF58004797A5AAD6C3F7081359885179A6D1B2	receipt-resource-exact	3
NAR4C090C001Part045	NAR4C090C001Part045.lean	2731634FE4316A26B7020B6B8F466B4119E41977B9A876D86D3E4DCA869B6845	receipt-resource-exact	3
NAR4C090C001Part046	NAR4C090C001Part046.lean	B64295B6B69C5AFDD697990870A4598D41027AD5E0254EECA133804E4D9137D9	receipt-resource-exact	3
NAR4C090C001Part047	NAR4C090C001Part047.lean	D4756ACE5D2F79DA23D80926B0C2B5190EF1B3D97AE1599BF13489E1BB20C53B	receipt-resource-exact	3
NAR4C090C001Part048	NAR4C090C001Part048.lean	2C0EE616CF495A2528F64B25A8735C506322A92F14A2F9623472CB9B42683569	receipt-resource-exact	3
NAR4C090C001Part049	NAR4C090C001Part049.lean	6766C30F41CF642D03618299800704968E78A1F85B1CE577A6041D7F2F8E9A3C	receipt-resource-exact	3
NAR4C090C001Part050	NAR4C090C001Part050.lean	D369497D52DFF4DDB0AD6390C34B82C8FD1DDD2BA5E362DF228DE7D151078FF5	receipt-resource-exact	3
NAR4C090C001Part051	NAR4C090C001Part051.lean	43B8AB8D0975B46B5D586EC5DF414031C5037ECE795690F07FC841286AD77106	receipt-resource-exact	3
NAR4C090C001Part052	NAR4C090C001Part052.lean	F2358EB324E0F5024BE729852D30A56279C32726A6731A178B3A5450880A469B	receipt-resource-exact	3
NAR4C090C001Part053	NAR4C090C001Part053.lean	5B16A77BF7595EE2C531B90B4CB0C3066CD08624A6FAAED29634EE76F044F0FC	receipt-resource-exact	3
NAR4C090C001Part054	NAR4C090C001Part054.lean	1053771E70D156096483DEBB14F4B752E0378FD8F165126D1E36FBC6779B0A18	receipt-resource-exact	3
NAR4C090C001Part055	NAR4C090C001Part055.lean	2E759D679C8545165DDDB2099A23ED4C545EC22279C274E2022CE77BBEA64AD5	receipt-resource-exact	3
NAR4C090C001Part056	NAR4C090C001Part056.lean	23FD8B2093223501A30115E41D2444772DC62D2A76FB1A6935DE00B16E3D98AB	receipt-resource-exact	3
NAR4C090C001Part057	NAR4C090C001Part057.lean	2D5F8E5A8D96A7AF9AA036B1DCBD6966ABA4CD254DD151F3CF0F39C9B1424A63	receipt-resource-exact	3
NAR4C090C001Part058	NAR4C090C001Part058.lean	45CD61B4BE5CA0625CDBCD0A536F2E1AEE5B669DE419A25742705E99FD320B64	receipt-resource-exact	3
NAR4C090C001Part059	NAR4C090C001Part059.lean	49A914222F1A4BBB697072A3DD948EC0F989FE61DFC0E301B6DA8205113E966A	receipt-resource-exact	3
NAR4C090C001Part060	NAR4C090C001Part060.lean	24C5A077CEB1C4D7D01BCC02262BC9F9605A56A12DDE0BE82C4B9731D37FD2BA	receipt-resource-exact	3
NAR4C090C001Part061	NAR4C090C001Part061.lean	1E797D163348482F5E342F76FF61CE3FB5B0386102AF303401CF32348468EE92	receipt-resource-exact	3
NAR4C090C001Part062	NAR4C090C001Part062.lean	C9A23DE27703A1049E6F85E4B300A53414ECAB96A431713152CA6ECE592EB90C	receipt-resource-exact	3
NAR4C090C001Part063	NAR4C090C001Part063.lean	3ACB9E9F3423A966B3874140E36A2AADEFEED10C7206313DD78148B7C5076B3C	receipt-resource-exact	3
NAR4C090C001Part064	NAR4C090C001Part064.lean	7D8D16F4E564B67644197879407C77E3165E39EDC41F6B33A44160CA523D9778	receipt-resource-exact	3
NAR4C090C001Part065	NAR4C090C001Part065.lean	B8A032ACA58092A45346EAC5AE38B824A8910E031F580C86A71FBACEFA7FC96B	receipt-resource-exact	3
NAR4C090C001Part066	NAR4C090C001Part066.lean	4C4DBBA9019E4469E03239DF7E2EDBB6A6CD76C97F3F1CE1E232272D587EA461	receipt-resource-exact	3
NAR4C090C001Part067	NAR4C090C001Part067.lean	FA9C2F6222EBE81803DD06951B98129A030CA1B47BAE9242A8E443FD3D28C5CC	receipt-resource-exact	3
NAR4C090C001Part068	NAR4C090C001Part068.lean	055A9F0A6805F52191A290F88BFDFA395AF7A65D5BDD458BF4C0AC353EBFE096	receipt-resource-exact	3
NAR4C090C001Part069	NAR4C090C001Part069.lean	BB872A788FD248ED6DF8DFCF273AB59C835D215E1F8506539C2676A702D45B45	receipt-resource-exact	3
NAR4C090C001Part070	NAR4C090C001Part070.lean	E242687E8EF815E3EA7BBD7DAA3C62A03580A32ED1D78B1DA729BA70774B10D5	receipt-resource-exact	3
NAR4C090C001Part071	NAR4C090C001Part071.lean	27113541F6497FAA900717B1037D748F0A91982D822518B27A5EAAD549113834	receipt-resource-exact	3
NAR4C090C001Part072	NAR4C090C001Part072.lean	AECDA52591A55B972DC20B5E5DD6B58705B5E6934487FCFC2AB0B351DB38D5EB	receipt-resource-exact	3
NAR4C090C001Part073	NAR4C090C001Part073.lean	6B7BA5B03CE599C0E78AE665DAB1DAAD0EC10A8D51DA5D559959CE010C857E3B	receipt-resource-exact	3
NAR4C090C001Part074	NAR4C090C001Part074.lean	C6951BB0CC47FA1DECE229FE1CA274F2F1E1C1D198428D44DD42924557F6D704	receipt-resource-exact	3
NAR4C090C001Part075	NAR4C090C001Part075.lean	A08E475CA3EC96EA9800F30B5F8F39B42EDA76E7C9996FF75D4D0945082984DD	receipt-resource-exact	3
NAR4C090C001Part076	NAR4C090C001Part076.lean	26ADA9E1388AA0DFE890681C095FD186E720CFEC3FD23E0A82A9F0E2E13BBF91	receipt-resource-exact	3
NAR4C090C001Part077	NAR4C090C001Part077.lean	3DD71462B536FFDAF633AB4A05A2A14535E9346F6BD0C05027C1CDAE117693B3	receipt-resource-exact	3
NAR4C090C001Part078	NAR4C090C001Part078.lean	5E093AB2CDE0082E65A0AD521EEAA1D92BB3F6E49D675E2168E614CEEF93A1C5	receipt-resource-exact	3
NAR4C090C001Part079	NAR4C090C001Part079.lean	7A8C031031BE69B5F0A1018A726B951FF4781A9D724AA59CA24DF9C38998EE06	receipt-resource-exact	3
NAR4C090C001Part080	NAR4C090C001Part080.lean	902B369D10C3169CC732C9841076083BC6839EABFF1A7D6DD31579120E6B8445	receipt-resource-exact	3
NAR4C090C001Part081	NAR4C090C001Part081.lean	F9F7303BD62341162314702003214482AC151FF6298FD987C151229962E25C52	receipt-resource-exact	3
NAR4C090C001Part082	NAR4C090C001Part082.lean	BB336A9A04E707109A2BC702EC3A28DEB1070E5FF41581EBBE93A4B989FCFA3F	receipt-resource-exact	3
NAR4C090C001Part083	NAR4C090C001Part083.lean	A33F535652946B9C359956F0C70C01BB2A477B2BACEC13588A7C3797C6E66B97	receipt-resource-exact	3
NAR4C090C001Part084	NAR4C090C001Part084.lean	236C8518A1A336E0D00EF6F345690DC025E58C3048CB8F4BCEEF86A349FEE2A6	receipt-resource-exact	3
NAR4C090C001Part085	NAR4C090C001Part085.lean	0E897699051FB5806C28EE8D0A95317F51403F15A83C500AAD75FCCBDB2CA223	receipt-resource-exact	3
NAR4C090C001Part086	NAR4C090C001Part086.lean	37C876FADE99998F48EF1100719C6EC896F8798678126A15A245EB5A7C3B9731	receipt-resource-exact	3
NAR4C090C001Part087	NAR4C090C001Part087.lean	26267D4DFD21BB98F98268C8F6D16F504C3FFC28066D997B820059D62B730D85	receipt-resource-exact	3
NAR4C090C001Part088	NAR4C090C001Part088.lean	030BF563D56B600A0809C3F5A2BAC800D8A8F12D20BC5E948A11DDF571604DAC	receipt-resource-exact	3
NAR4C090C001Part089	NAR4C090C001Part089.lean	6AC4157A2DDCBE6EA77E71D0971870611157CAF98A3B4F8E9DFF23F1D5DD7854	receipt-resource-exact	3
NAR4C090C001Part090	NAR4C090C001Part090.lean	55E96A6DB2F4CC1ABB74D2807D13F73ABDF6BEB5C20B371F8220755F0EC8AD78	receipt-resource-exact	3
NAR4C090C001Part091	NAR4C090C001Part091.lean	25909038304C0EE9C429C444F4DBC6F59CB37D20D31C27504422D344D6CC4E70	receipt-resource-exact	3
NAR4C090C001Part092	NAR4C090C001Part092.lean	29995A76ABA53384EC77113069DCF253ADAB8B98345F6E5E9ADA5F9E75BE7914	receipt-resource-exact	3
NAR4C090C001Part093	NAR4C090C001Part093.lean	33572DB94364CAE53EA49D56870B36B86805009C3467A03BA424C2AEEA195C85	receipt-resource-exact	3
NAR4C090C001Part094	NAR4C090C001Part094.lean	99C74994AFB338B4AC4CD1786B4E4605F2C41730C8C1D03EE492E310932826AE	receipt-resource-exact	3
NAR4C090C001Part095	NAR4C090C001Part095.lean	28A9344473AFF5B6CFF0A97D7433D8F2F54234332A8F8AD029CBF5F94727B95F	receipt-resource-exact	3
NAR4C090C001Part096	NAR4C090C001Part096.lean	BACE0935E3280057570D5AF95D8C1AA665870FF73AF92896C86D7E229C6232C0	receipt-resource-exact	3
NAR4C090C001Part097	NAR4C090C001Part097.lean	BDD8B2BECF740A08474DFA190B434156DC31142CF8B6562F5788FF783311B64A	receipt-resource-exact	3
NAR4C090C001Part098	NAR4C090C001Part098.lean	BA2193B97D294FBE1B0DE8F7644D15ECC2FA53B28CFD6264522D47406A5663C0	receipt-resource-exact	3
NAR4C090C001Part099	NAR4C090C001Part099.lean	C3EB20B2875EE16DE305C384B546630A9C71470079C7C13456E831C3FAA6569D	receipt-resource-exact	3
NAR4C090C001Part100	NAR4C090C001Part100.lean	F413ACDA0B2282B520AC5447059BBED117E97561698E58F10A67571884376D87	receipt-resource-exact	3
NAR4C090C001Part101	NAR4C090C001Part101.lean	124895A918F6DF9152EBC8103ACAFD5F0C73F99015BA49676DD541172060DBBB	receipt-resource-exact	3
NAR4C090C001Part102	NAR4C090C001Part102.lean	076B8786BB92DA4291BF769AF15DEE98BF03AC09BE5248BF26CC4C8C60A10DBF	receipt-resource-exact	3
NAR4C090C001Part103	NAR4C090C001Part103.lean	3871CC5E6C0AAFB5659C01F64C7C3A51BE578594A2D8767F9FAD039546D3F575	receipt-resource-exact	3
NAR4C090C001Part104	NAR4C090C001Part104.lean	6E608250B7C913931667D895A98CD579550BED31A8E86328F817C4F655D4778C	receipt-resource-exact	3
NAR4C090C001Part105	NAR4C090C001Part105.lean	18035B24C36AA1C30D5206D49919E35810CC4B9AD6181568CA39FC05DA86C804	receipt-resource-exact	3
NAR4C090C001Part106	NAR4C090C001Part106.lean	C214BD43B2ACC6B0858760A4A6673E2093CD256C560CCF79B7EE2117E6EDD08A	receipt-resource-exact	3
NAR4C090C001Part107	NAR4C090C001Part107.lean	FA287B94F4B67EBEDC638D5A7F4B986F978F77E3795C592497E5156B971F4266	receipt-resource-exact	3
NAR4C090C001Part108	NAR4C090C001Part108.lean	BA18B54ECDEA452662229BF181A4D5E15E95B171197BAEDB7EDA725AB5133AE6	receipt-resource-exact	3
NAR4C090C001Part109	NAR4C090C001Part109.lean	EF8B936EE0F4FC06FA547663C1C51418A174538E778512B78F4429D71D5BCF9A	receipt-resource-exact	3
NAR4C090C001Part110	NAR4C090C001Part110.lean	B2027C0158F20AFDF36F1CADB66220EC08D2E9E7E62935523628677284D9C1EB	receipt-resource-exact	3
NAR4C090C001Part111	NAR4C090C001Part111.lean	C65959CD3676E8FFB385481DFF99205C89CE46D2E0FBE00FF3D8A329B721668A	receipt-resource-exact	3
NAR4C090C001Part112	NAR4C090C001Part112.lean	CBCC1B14CF5A865B9FC7210308A623133499F32B46D45DB6C400368029244430	receipt-resource-exact	3
NAR4C090C001Part113	NAR4C090C001Part113.lean	5D00F0D68ACBB45A68B3C87064F35503B4646DF0CC62FE9D44CF0784B3DFDB6E	receipt-resource-exact	3
NAR4C090C001Part114	NAR4C090C001Part114.lean	05FF6B5BB2759B95A9B34E68040F543EDBA19FD497FE30CE2A5B59DC8CE1CE07	receipt-resource-exact	3
NAR4C090C001Part115	NAR4C090C001Part115.lean	F45C130B21C54BF50C55C1A80B4612E54BA77C55D7C2AC8B716676D08C5F5F61	receipt-resource-exact	3
NAR4C090C001Part116	NAR4C090C001Part116.lean	92D0F146C04BF43E14597200C5B38892917582C555F0026435DE987D164B62FF	receipt-resource-exact	3
NAR4C090C001Part117	NAR4C090C001Part117.lean	D290D770B747ABD30F92A1F4026DD4A88B4DEDA082EF44BE7305CC79A038A562	receipt-resource-exact	3
NAR4C090C001Part118	NAR4C090C001Part118.lean	A95F3211F409E9597CFC4EDD44CF9802CF888278DEA537BD3A6C71D4AD9BBD42	receipt-resource-exact	3
NAR4C090C001Part119	NAR4C090C001Part119.lean	24839AF722B34FFAA1BDDA98B96248C413DE3616904038CBC27BE01E8DA49ABF	receipt-resource-exact	3
NAR4C090C001Part120	NAR4C090C001Part120.lean	1FDE6D9858501A0170EAC557BC9FC2D80C4D0B41E9E6B15EAE33A925987AF696	receipt-resource-exact	3
NAR4C090C001Part121	NAR4C090C001Part121.lean	B9C38A819B406EC4FBEF0A5E031E4EDA6024FF9E8E75D2593547CDCBF87BBF01	receipt-resource-exact	3
NAR4C090C001Part122	NAR4C090C001Part122.lean	004B6955C269A8C1D69ED007FFBF200C8DDC21F6E0D2B27D14DB9CA0E4F24BD4	receipt-resource-exact	3
NAR4H5C091M3BPart001	NAR4H5C091M3BPart001.lean	E9DAA10ED70E6DF7A38538988A40B8D131B57815A96FB87F0AF5172B89E6218C	receipt-resource-exact	11
NAR4H5C091M3BPart002	NAR4H5C091M3BPart002.lean	64C3E7DFD6BFA8AD81E27283EDA60D4C8526FF18A8F959C632BE7286A75938C2	receipt-resource-exact	3
NAR4H5C091M3BPart003	NAR4H5C091M3BPart003.lean	3E02E964F2F90CFE5D955272078242473000207FF4DFC932261C6B9AD587FE3C	receipt-resource-exact	3
NAR4H5C091M3BPart004	NAR4H5C091M3BPart004.lean	E323C47031B4FBDFB8B8DBC43B8367D3D0A6A0121D0843D4AD99499AB6337625	receipt-resource-exact	3
NAR4H5C091M3BPart005	NAR4H5C091M3BPart005.lean	94E372233BDDF42C3F657C12E8D409217DC3B49B775D12EB7F94E413ABB99F57	receipt-resource-exact	3
NAR4H5C091M3BPart006	NAR4H5C091M3BPart006.lean	990B7EFB664E81A5EDF8E6611A20FEACED70307DEDC23D9982A68EA8B0958F36	receipt-resource-exact	3
NAR4H5C091M3BPart007	NAR4H5C091M3BPart007.lean	201A68DB314D926D80198C9681F1772B38D72B6B52BBB5C337FE68CB35CAA304	receipt-resource-exact	3
NAR4H5C091M3BPart008	NAR4H5C091M3BPart008.lean	18D3676D57C6D4E575176F17339E2AF2B6F3F9984C419094B20B3977FDE7715C	receipt-resource-exact	3
NAR4H5C092M3Part001	NAR4H5C092M3Part001.lean	2E975CBF648F2E9842F9CB31B7992E0D1A0353C3C261B2C3431EF1020D833F16	receipt-resource-exact	11
NAR4H5C092M3Part002	NAR4H5C092M3Part002.lean	3F953E9B7811AECB1C8341FBC8D095559BF9A7EEAB890EC7D202B4A25282DE40	receipt-resource-exact	3
NAR4H5C092M3Part003	NAR4H5C092M3Part003.lean	E7BA3DDB213DA9B7C9CF6517C2FA2CB55CB76A0331A036C1DFC3DC1678BDAD94	receipt-resource-exact	3
NAR4H5C093M3Part001	NAR4H5C093M3Part001.lean	66595CB4C164D1A5B8C16CB285043C38FF131137FB72E8E89C91869949B8875D	receipt-resource-exact	11
NAR4H5C093M3Part002	NAR4H5C093M3Part002.lean	9A97D5E173BE9BD21FEBE7DF56AD68C8256199369B05E093A291EC7982A43E4F	receipt-resource-exact	3
NAR4H5C093M3Part003	NAR4H5C093M3Part003.lean	21F86413897AFAFA50D8253F24276E4FA380905FC6BBB671BCB1389045147723	receipt-resource-exact	3
NAR4H5C093M3Part004	NAR4H5C093M3Part004.lean	BF572A9E7705FAD9B6F600DED9CD1763E61D270694A6F5ADB506C0706C30F23E	receipt-resource-exact	3
NAR4H5C093M3Part005	NAR4H5C093M3Part005.lean	83FA7CFAB30585B3F4043B5018D66914C2FF7480AE6B2421AAD63103E9B59745	receipt-resource-exact	3
NAR4H5C094M3Part001	NAR4H5C094M3Part001.lean	A812AFD57DDCF0BDD17AD33F29A82E280CFE513D72BE2C2E62EA61194B652051	receipt-resource-exact	11
NAR4H5C094M3Part002	NAR4H5C094M3Part002.lean	E469CF7F07B03C06C65D296EEEFE56EDD765E947CA7E8BCD083009BA210DEB59	receipt-resource-exact	3
NAR4H5C094M3Part003	NAR4H5C094M3Part003.lean	A75CD2DCE274E96F7F13744A2411BF3520991D87B9790AE22D916B8E3B192AC1	receipt-resource-exact	3
NAR4H5C095M3Part001	NAR4H5C095M3Part001.lean	17A45FF51CEE40326258B2AAC3C2C220223696B8870604CDD79F48FD7E4D31C7	receipt-resource-exact	11
NAR4H5C095M3Part002	NAR4H5C095M3Part002.lean	42B3168BB07B82EF9433170E8ACC0F95E37CB94E2A420E34576ADF5D2FDC916B	receipt-resource-exact	3
NAR4H5C095M3Part003	NAR4H5C095M3Part003.lean	9E2C89EB8459FFC4384299923FACFE5A8EF7A38A96D6E658CC884591B926D199	receipt-resource-exact	3
NAR4H5C095M3Part004	NAR4H5C095M3Part004.lean	050C36C9F08901BEEB33217CCC69EBE7337B640EE87CB152EF61D9721509806A	receipt-resource-exact	3
NAR4H5C095M3Part005	NAR4H5C095M3Part005.lean	65BB97F86B50AF1B76272EBA582A7CFFF9EA68D6DC1F1693D38ADE1DEC9B9285	receipt-resource-exact	3
NAR4H5C095M3Part006	NAR4H5C095M3Part006.lean	1619AC23D98652DF89BEFD0DEA3DE3DA180C85AF7DE53BBC41024F9DD4D15EEC	receipt-resource-exact	3
NAR4H5C095M3Part007	NAR4H5C095M3Part007.lean	F592527AE748582585148CCF37BF8CD93DFE5C751378C3A587F72FCFD3E63B20	receipt-resource-exact	3
NAR4H5C095M3Part008	NAR4H5C095M3Part008.lean	F83BEB7FF6FD57F8663947CFAF177402D3E940CB1421033D93D2E71A5C3787EE	receipt-resource-exact	3
NAR4H5C095M3Part009	NAR4H5C095M3Part009.lean	FBE82521A314F6A5C360E8C9F9EF6C18DF7D1395272DB9B2294E87688F97680F	receipt-resource-exact	3
NAR4H5C095M3Part010	NAR4H5C095M3Part010.lean	D68F3409B6EC309B2E5D13B4EC92C6B43F52CD741E2D2C47F62286A95D983F38	receipt-resource-exact	3
NAR4H5C095M3Part011	NAR4H5C095M3Part011.lean	A190ED7126D69B9F36BC9363458341E81627574BA3DBEFEBD41C0FFDCEFC477A	receipt-resource-exact	3
NAR4H5C095M3Part012	NAR4H5C095M3Part012.lean	51E5A22E58120795C42CA2A874BB4933AA5F5066FE33687B2BA1E11B97C39948	receipt-resource-exact	3
NAR4H5C095M3Part013	NAR4H5C095M3Part013.lean	488582CD97301E6A5822EDFC4E14D5D502EB8F4626DFAF10924F2888F09954C1	receipt-resource-exact	3
NAR4H5C095M3Part014	NAR4H5C095M3Part014.lean	D1E4D2B190752279CBA2CC8EC39F86A74844C7D8099DEF06B96BB66FD2213DD3	receipt-resource-exact	3
NAR4H5C095M3Part015	NAR4H5C095M3Part015.lean	5DEE0AEC2ABD4BB069B1CE05EEF6097CCC1174ABA9152EE804438F69DC64124C	receipt-resource-exact	3
NAR4H5C095M3Part016	NAR4H5C095M3Part016.lean	26B4E315EB50C83EFF1D9A2A02F7162C7C00216BBAC7A34561C2E7F93ED01455	receipt-resource-exact	3
NAR4H5C095M3Part017	NAR4H5C095M3Part017.lean	C90865A79BAB82148B0F07341A12869B2A97AEA490C27B26B471874690118FCC	receipt-resource-exact	3
NAR4H5C095M3Part018	NAR4H5C095M3Part018.lean	CB2BC22FC934C7F944F9ADBD684C5535F44738FC98B6285CB372737BF55E7BD1	receipt-resource-exact	3
NAR4H5C095M3Part019	NAR4H5C095M3Part019.lean	FA59BAFCB31DDEF81C6A4485FC80C7411A8635D40FE21DF92E78D111548C46D0	receipt-resource-exact	3
NAR4H5C095M3Part020	NAR4H5C095M3Part020.lean	F37156D6AA07AF9662DD2DB57226356537259FBB85A3025306F3C8CD2E9402D4	receipt-resource-exact	3
NAR4H5C095M3Part021	NAR4H5C095M3Part021.lean	AA339FDA4A984DEC96FE7C6236193A661AC65E4AE3864F6CE7F34DFFB9550E7C	receipt-resource-exact	3
NAR4H5C095M3Part022	NAR4H5C095M3Part022.lean	2590AD521BFA4E39D14FF99452A14C823966905892AEAE604C38979FBCC806EB	receipt-resource-exact	3
NAR4H5C095M3Part023	NAR4H5C095M3Part023.lean	5B3456F700C36B2F613FCDB49C66D3806AD8B960F2F9AFE99EF24A7EEC06FF56	receipt-resource-exact	3
NAR4H5C095M3Part024	NAR4H5C095M3Part024.lean	2A832DA939D88AF0B35C87C4933A2A122D0565DDE5282CF35573F2E663EA608D	receipt-resource-exact	3
NAR4H5C095M3Part025	NAR4H5C095M3Part025.lean	92792B5BCFD665BE55460D293AF8A5506B334BAA3FC31E40D874EA3CE4B81A61	receipt-resource-exact	3
NAR4H5C095M3Part026	NAR4H5C095M3Part026.lean	35F436CDDE6541AC621B20691793A914572910791D335AE6AEDE0855681E9569	receipt-resource-exact	3
NAR4H5C095M3Part027	NAR4H5C095M3Part027.lean	95C002908AF925B31D9508E9AD8808742BC28A5EB82A6E5393B62F8C40A1B2E8	receipt-resource-exact	3
NAR4H5C095M3Part028	NAR4H5C095M3Part028.lean	B99D33F406EB38C88D541D0D3844C8ABCD5B02317E9DC3710D2A5668759FA523	receipt-resource-exact	3
NAR4H5C095M3Part029	NAR4H5C095M3Part029.lean	6A9427519FEDF2EE09872CE3FE86EB0C5179D0CF20B4DBA0821E0643F6C99E1C	receipt-resource-exact	3
NAR4H5C095M3Part030	NAR4H5C095M3Part030.lean	76440960312F6EBC8D77E5638F7F7ED545BBB1D24C036E818F9936FECF558747	receipt-resource-exact	3
NAR4H5C095M3Part031	NAR4H5C095M3Part031.lean	796C4E994466697943BCD82716FEDBD16C0C190D4199E047D42322CAA993BBB2	receipt-resource-exact	3
NAR4H5C095M3Part032	NAR4H5C095M3Part032.lean	D74ED95ECAB6DF9408BEEEB53399DD3B9D1D5F56910D5075D962ED9CFB896FB1	receipt-resource-exact	3
NAR4H5C095M3Part033	NAR4H5C095M3Part033.lean	B9697227079156804477DA7FC547419CFA10A7850F2ECB352F564CE4335E9251	receipt-resource-exact	3
NAR4H5C095M3Part034	NAR4H5C095M3Part034.lean	8313179BB8F875C054F2B5464D2D836F1E02044292A49D968AD3CC0EFDC8BB39	receipt-resource-exact	3
NAR4H5C095M3Part035	NAR4H5C095M3Part035.lean	BFE24DA5A30EDADB84ED0B57CC6CD05BE6B60989A91CA6265685980742AFD0AB	receipt-resource-exact	3
NAR4H5C095M3Part036	NAR4H5C095M3Part036.lean	8CA4D170E067A990043F7F2278922CB87A0D2BE722A8C640E1B9C03AECDDEC86	receipt-resource-exact	3
NAR4H5C095M3Part037	NAR4H5C095M3Part037.lean	11282ADF54FC7E759A9F1A917ED5BD37307857D2B9ACE0F1F521F841F1349CA1	receipt-resource-exact	3
NAR4H5C095M3Part038	NAR4H5C095M3Part038.lean	35918ABCB6FE1752A1035A390DFEFE80354E172ACAC29B0D54C07FF7D43769A0	receipt-resource-exact	3
NAR4H5C095M3Part039	NAR4H5C095M3Part039.lean	08C5BE80BFB3494FF2E2D1DF94A72183B8BA065E0EB7DD56E21EB7CFC2C79777	receipt-resource-exact	3
NAR4H5C095M3Part040	NAR4H5C095M3Part040.lean	184DD590CC5C8BCC2FF386936F23A17DC4E8C844C02DA77459C429FFD68E0AF2	receipt-resource-exact	3
NAR4H5C095M3Part041	NAR4H5C095M3Part041.lean	9E203F37D2CFD7F993CB6AA287682E2C114A74B638A0B93DCCD55746FC1FFDC2	receipt-resource-exact	3
NAR4H5C095M3Part042	NAR4H5C095M3Part042.lean	CB699EB9666CEC65C7DB7AF856DB36A671186222DD671E96EB9E4A8B775F15FE	receipt-resource-exact	3
NAR4H5C095M3Part043	NAR4H5C095M3Part043.lean	04928AF32725B41FF384505082A337C91F49C14298AA619DFB445BEBAF29C3F8	receipt-resource-exact	3
NAR4H5C095M3Part044	NAR4H5C095M3Part044.lean	A17666E4CA5D479DA68423398A5B580E6D0A872048D908E36E7DCE9463CCF172	receipt-resource-exact	3
NAR4H5C095M3Part045	NAR4H5C095M3Part045.lean	0079CAF7949AA9F7A707EA64EEFD66387A41D3242230BE75FF1797705D5AC34C	receipt-resource-exact	3
NAR4H5C095M3Part046	NAR4H5C095M3Part046.lean	7D46BCB0150C4AC8A5000105E1A7E0379B69FCAFDF0A883E1D925879D294F06F	receipt-resource-exact	3
NAR4H5C096M3Part001	NAR4H5C096M3Part001.lean	B614187B6148BB9EB1C7BC667AE72EBA81B69F710A43BC6CD337F804F7E287FF	receipt-resource-exact	11
NAR4H5C096M3Part002	NAR4H5C096M3Part002.lean	A1E912EB5097920CBD7D2D50A7094596AFAB8C35A9AD6E0EA9BB7DB11CD3A054	receipt-resource-exact	3
NAR4H5C096M3Part003	NAR4H5C096M3Part003.lean	84E2D906D284815BF4D10E0125CF2E8C33F5DEBA2D09E7C78E164ACC183286CE	receipt-resource-exact	3
NAR4H5C096M3Part004	NAR4H5C096M3Part004.lean	4D096BDF5BCDF47B0E8AA9F62A1098CB25217A0967EA3EBA049A812AB0DB005C	receipt-resource-exact	3
NAR4H5C097M3Part001	NAR4H5C097M3Part001.lean	FD9FC65D70F96F357BFEA6E1BB08C98BE2984E244ABA34892195F8E154A7EEF9	receipt-resource-exact	11
NAR4H5C097M3Part002	NAR4H5C097M3Part002.lean	8809425000F74A38816CCE33DEEBBFA804792A3CE18C696D5F0A430770B184D9	receipt-resource-exact	3
NAR5H088P001Part001	NAR5H088P001Part001.lean	ABA1D2C91BBD71D8EE2E92878D85E8F68EBA29B7D36B607D7808A04D3A77E2CD	receipt-resource-exact	11
NAR5H088P001Part002	NAR5H088P001Part002.lean	0CD499FA81E8605143E13D6009442C3D5220549D1CD9114377D3712E5FC72E3F	receipt-resource-exact	3
NAR5H088P001Part003	NAR5H088P001Part003.lean	731490826DB584CC0261C4A96F7E6E96C50D7223918D1830B3C8691374669FF4	receipt-resource-exact	3
NAR5H088P001Part004	NAR5H088P001Part004.lean	41A78B21009CF2859964F0F7EE1435B47ACC38790570FA35D958BEEEAC1FA08A	receipt-resource-exact	3
NAR5H088P001Part005	NAR5H088P001Part005.lean	B47D3487976F88B0DC33D8D759F303457BB4740464C1D9335B732234FEA247CF	receipt-resource-exact	3
NAR5H088P001Part006	NAR5H088P001Part006.lean	65BD6BBDB755590FC99F8B05109B96A19B873D7B1A70164A6F748E67A8DA9192	receipt-resource-exact	3
NAR5H088P001Part007	NAR5H088P001Part007.lean	6C374D880FBD97DB125BC3E0A00A9A687C8965EF1670D77035F8ECBD4B44C318	receipt-resource-exact	3
NFChoiceFoundation.Basic	NFChoiceFoundation/Basic.lean	24605D1DABC31EF37F7C58A7D573756DD0F53DC962F3A112883277287D1F075D	build-layout	3
NFCompactLeafEndpoints	NFCompactLeafEndpoints.lean	DEB542AD1E59391C8A204BFE8CB89356B2A04FAD2F4D34DCC16C4E6B91140EDF	unique-workspace-basename	3
NFCompactLeafFinalGate	NFCompactLeafFinalGate.lean	48C4E32501828F316EF2E556F7E425E2746BD57C70235D628C0FB2E6CFA80778	unique-workspace-basename	3
NFCompactLeafGate	NFCompactLeafGate.lean	7C08A9BFB7A54C85171EEC1BF779ED40D383228D199773FC3FE70F40B75DA616	unique-workspace-basename	6
NFCompactLeafSemanticAdapters	NFCompactLeafSemanticAdapters.lean	7FC21371F377E4E6FF9723E1C137CFDC2954A435F6FC264B63EC3509660A10A6	unique-workspace-basename	4
NFLeafWrappers.Basic	NFLeafWrappers/Basic.lean	F89D5D1044B78805843FA3A39AE771051CA6093412CD36DEC7A23877E4D37E51	unique-workspace-basename	3
NominalAlphaCompactEnvFreshSupport002	NominalAlphaCompactEnvFreshSupport002.lean	3CE373AA4E5F201783E587C8F2A06A1EB60D7043FA248E081D3BF401F8B026E1	receipt-resource-exact	3
NominalAlphaGlobal051ProofData001	NominalAlphaGlobal051ProofData001.lean	2403BC2D33DB64FAE2E8402F5AC2EFF2BF2E8D70B22E88AB86956D4FEFE7CB48	receipt-resource-exact	3
NominalAlphaHygieneV5Coalesced091B	NominalAlphaHygieneV5Coalesced091B.lean	71909B8E0B12694D78EC651576A8A3602B3AA95B0914586A78B75EB19AF44B88	receipt-resource-exact	3
NominalAlphaHygieneV5Coalesced092	NominalAlphaHygieneV5Coalesced092.lean	2A971D82AC471CBEEA2C0E63BC48132F0DCC460F625EE49A3542619CE4A58C8D	receipt-resource-exact	3
NominalAlphaHygieneV5Coalesced093	NominalAlphaHygieneV5Coalesced093.lean	640F90E01D647F3DE96321A4CBDAF21F4059D76EFD2789D8CEA10B3087EA9C6A	receipt-resource-exact	3
NominalAlphaHygieneV5Coalesced094	NominalAlphaHygieneV5Coalesced094.lean	DB27055DDD507F92939D21944B102E97329CB3B4777B28D525267F552490F5C9	receipt-resource-exact	3
NominalAlphaHygieneV5Coalesced095	NominalAlphaHygieneV5Coalesced095.lean	93B6AD67046A40999290AECFE87AA256EE246345F8EC53F19AC86A3941CA507B	receipt-resource-exact	3
NominalAlphaHygieneV5Coalesced096	NominalAlphaHygieneV5Coalesced096.lean	3A47BC52CF927AA61007DDDF2E23505EBB538E5EB6F648B71C98B83C082F51A5	receipt-resource-exact	3
NominalAlphaHygieneV5Coalesced097	NominalAlphaHygieneV5Coalesced097.lean	6AED4927C1411BB2A3A9E512EB3299D8C1339AB96CB2465F6EAFDDFF04C0A074	receipt-resource-exact	3
NominalAlphaHygieneV5Probe088	NominalAlphaHygieneV5Probe088.lean	7348B9320007E3E7C3DC23C8001C2388194FEDD55AAE2DE5E559129A4FDCD655	receipt-resource-exact	3
NominalAlphaOprabCompactCertificate001	NominalAlphaOprabCompactCertificate001.lean	B39A1BBEEE7EB04528BA2A410B4C3A84094BACCF14C7BBB66250858F8912D00D	receipt-resource-exact	10
NominalAlphaOprabCompactSupport001	NominalAlphaOprabCompactSupport001.lean	F5919CAB9D4B122084137DA6B798E4073017E2A31086296F6750B26247FE2A55	receipt-resource-exact	3
NominalAlphaPrefix050WppNotmem014Data	NominalAlphaPrefix050WppNotmem014Data.lean	5BEA59DE65C7B06C5016E3FA4601D2436C433A2F7158CC4595A1BF533FE97D96	receipt-resource-exact	3
NominalAlphaRelease004Coarse052	NominalAlphaRelease004Coarse052.lean	8CD918E38A64227DD28984B7DD5DA90BE7EE7479145B3FCAD112D75D6ADEF240	receipt-resource-exact	3
NominalAlphaRelease004Coarse053	NominalAlphaRelease004Coarse053.lean	FE9DAC9AAE18D302E68ED7F51F6F6C488EC177276CC2520B6270786057165554	receipt-resource-exact	3
NominalAlphaRelease004Coarse054	NominalAlphaRelease004Coarse054.lean	0B0E19F8E39D1856A5577C1D8783C4DF0F9DCAEABFCFB5B9057D682B200E6E49	receipt-resource-exact	3
NominalAlphaRelease004Coarse055	NominalAlphaRelease004Coarse055.lean	E0F3020B675E97E2ADE46300829CE853EA482D252BE4FA7A7AB8581351C3BCB3	receipt-resource-exact	3
NominalAlphaRelease004Coarse056	NominalAlphaRelease004Coarse056.lean	76F9FE89127528B34151C40F0EA79F93EBFC6FA009918F2D00A1BF6688ED511D	receipt-resource-exact	3
NominalAlphaRelease004Coarse057	NominalAlphaRelease004Coarse057.lean	7F6A166514C4CAEE85F82AE75F152A3428C37FA016ABF57690A3EE1641B98D29	receipt-resource-exact	3
NominalAlphaRelease004Coarse058	NominalAlphaRelease004Coarse058.lean	72FB7F6F7F68D1F903135F2561AE68A28EE2A221874BF2F0B37877C3579296C0	receipt-resource-exact	3
NominalAlphaRelease004Coarse059	NominalAlphaRelease004Coarse059.lean	43C61A4EC17B2BF77B0EFD36C6E88F5FE7E068CBDA95C0D62A3CEC27C23E81DE	receipt-resource-exact	3
NominalAlphaRelease004Coarse060	NominalAlphaRelease004Coarse060.lean	B09FBD56787295F1EFDC3B4AD6972B44CCDCF81C5A2490DB70DF47B5589E8838	receipt-resource-exact	3
NominalAlphaRelease004Coarse061	NominalAlphaRelease004Coarse061.lean	1E3EC20AC17CFEBB6500C5DBB19574AC1CED0453CA7E4E64FF7B78C4017608C7	receipt-resource-exact	3
NominalAlphaRelease004Coarse062	NominalAlphaRelease004Coarse062.lean	FEE9EF96A7439C6180A08D163BBC499278E243BDB07BE044CF37408FE7D73B41	receipt-resource-exact	3
NominalAlphaRelease004Coarse063	NominalAlphaRelease004Coarse063.lean	0F58F82A80125D700E2E9542DBEEFC195A6D6D357AF9237ED9FD1847EE6C068F	receipt-resource-exact	3
NominalAlphaRelease004Coarse064	NominalAlphaRelease004Coarse064.lean	322F787406DD9A9AA5976C74D9D09B2B404ED8E50E45E081A3EEB0C1B0171268	receipt-resource-exact	3
NominalAlphaRelease004Coarse065	NominalAlphaRelease004Coarse065.lean	A5F9B40F47621ABE173F92DCDAD61901A921EC1A6448AA84AFF548C9C71B2E89	receipt-resource-exact	3
NominalAlphaRelease004Coarse066	NominalAlphaRelease004Coarse066.lean	870FCCDE95B057C183175050AEBD06224E600410B2772D41575CCFCA853E90D2	receipt-resource-exact	3
NominalAlphaRelease004Coarse067	NominalAlphaRelease004Coarse067.lean	AD4CAFF54C1345DB39D2615819808A017FA4218FBA0EF75B09B42AD5A291F3F1	receipt-resource-exact	3
NominalAlphaRelease004Coarse068	NominalAlphaRelease004Coarse068.lean	257BA48C3201BC487926C05F3E1C5D7E512FF112F228A118776B59758393C7B3	receipt-resource-exact	3
NominalAlphaRelease004Coarse069	NominalAlphaRelease004Coarse069.lean	0400516261E4DFB89CC56ED28FFB64ADDB6C313639D7D8855A1AAEA6273944C0	receipt-resource-exact	3
NominalAlphaRelease004Coarse070	NominalAlphaRelease004Coarse070.lean	82BB929381FBB720ACFCBCB49A062E253F39AA025D1DB97D1925EE2E7317BBFF	receipt-resource-exact	3
NominalAlphaRelease004Coarse071	NominalAlphaRelease004Coarse071.lean	BA12600EBD3E623A3E5E2D510F80A0F283A4599BF7BDAF9DA222A47E34ABC25A	receipt-resource-exact	3
NominalAlphaRelease004Coarse072	NominalAlphaRelease004Coarse072.lean	CC8E036703255CFF1C2D9DB013D77CEFF4FF39640CB7FC1946E72E8AFE2486AF	receipt-resource-exact	3
NominalAlphaRelease004Coarse073	NominalAlphaRelease004Coarse073.lean	68C4DF0589B52BA1F516766B4997AE5F0CF8DBC03EFB0E3C9B3778F7B0290711	receipt-resource-exact	3
NominalAlphaRelease004Coarse074	NominalAlphaRelease004Coarse074.lean	BBBBE2F56AAB7A0B14C5975BA57E12D0D63F62EDC7FBEF5808B6E7C8C1D6E9D0	receipt-resource-exact	3
NominalAlphaRelease004Coarse075	NominalAlphaRelease004Coarse075.lean	535F898188853C19A674E5F49FF8415DA6FD2E40768738489349F184655986B3	receipt-resource-exact	3
NominalAlphaRelease004Coarse076	NominalAlphaRelease004Coarse076.lean	3F13BEE84F9A25618E6C81E563266C4D37505E9A1E129C808C949D43BBCAF9B8	receipt-resource-exact	3
NominalAlphaRelease004Coarse077	NominalAlphaRelease004Coarse077.lean	BAAD529DDC565A521DA52B4CF55BE07E6AB55D544E8B577BE3111709F262AF06	receipt-resource-exact	3
NominalAlphaRelease004Coarse078	NominalAlphaRelease004Coarse078.lean	BC4B801D5DC45F2F93227CA614977F0C067197A755A3304DC47F444593E11C38	receipt-resource-exact	3
NominalAlphaRelease004Coarse079	NominalAlphaRelease004Coarse079.lean	317058CB513C85CC869AD050EF6D7E8B224CA1E6F4EF2084C7AA386AE9F63310	receipt-resource-exact	3
NominalAlphaRelease004Coarse080	NominalAlphaRelease004Coarse080.lean	0716F0D8A63D1E4E709028725F80F7D45BD66A07FA5272E1C65F2BBBAD34E886	receipt-resource-exact	3
NominalAlphaRelease004Coarse081	NominalAlphaRelease004Coarse081.lean	2C46C9F29AE6A988249F4AF49DF465FD120851F85B92A48695DCFE7ADDEC9C3F	receipt-resource-exact	3
NominalAlphaRelease004Coarse082	NominalAlphaRelease004Coarse082.lean	8BD3BC39E62C733E5C7213B5A675EE4BD2EB106E605AFA4456DEB7EA7283344F	receipt-resource-exact	3
NominalAlphaRelease004Coarse083	NominalAlphaRelease004Coarse083.lean	E713670AA9858A4061904B744B39915C6B6A72B90AAD0039768BD30548596374	receipt-resource-exact	3
NominalAlphaRelease004Coarse084	NominalAlphaRelease004Coarse084.lean	20C747388F0807021DC4617E5EE080682B90E2FCC0121F6F6AC0AA61D6A256AD	receipt-resource-exact	3
NominalAlphaRelease004Coarse085	NominalAlphaRelease004Coarse085.lean	15B8D273308BA1571ABA7935E9F9FFA3A856BF01E4F98322CDEF4CBBA2028542	receipt-resource-exact	3
NominalAlphaRelease004Coarse086	NominalAlphaRelease004Coarse086.lean	11794474A7DCCDA56BEA8B6C5854F5E8DC73D22D0F47FEB8427758223DFA722B	receipt-resource-exact	3
NominalAlphaRelease004Coarse087	NominalAlphaRelease004Coarse087.lean	789C18434A4D891B0DDA7F5F25A8084B3CAB3DC14DBD6CD11F90756053D3002F	receipt-resource-exact	3
NominalAlphaRelease004Coarse089	NominalAlphaRelease004Coarse089.lean	866D9B11A9B44FD35194E04A531F264E8AA006126E8EF9859DA11894AB020B38	receipt-resource-exact	3
NominalAlphaRelease004Coarse090	NominalAlphaRelease004Coarse090.lean	92507659F3C14B30F0418EFECA4B85ADFAE7323D18A44A20F2D3EB581AF9F234	receipt-resource-exact	3
NominalAlphaRepairedBase001003V	NominalAlphaRepairedBase001003V.lean	7D1F8E8236487C4F5F9E15703C59FCA2107F8867D00DB5DC930CAEBFE26AE26C	identical-workspace-aliases	10
NominalAlphaRepairedBase001004Csb	NominalAlphaRepairedBase001004Csb.lean	8212E124C8FAC20E39613ED721F187E764FF8B4B0B5C04AC13FB93D460DD85C1	identical-workspace-aliases	10
NominalAlphaRepairedBase001005Nin	NominalAlphaRepairedBase001005Nin.lean	FA6B5FE5C818F16BB05698D32EF4927A40DD1AE6211C708D81A673B56E9F27FC	identical-workspace-aliases	10
NominalAlphaRepairedBase001006If	NominalAlphaRepairedBase001006If.lean	1792EBDBD2631146B97186DB3FEC9412C6A4723D6F8851B32CFB784BD292151A	identical-workspace-aliases	10
NominalAlphaRepairedBase001007Pw	NominalAlphaRepairedBase001007Pw.lean	972A60018E016A775BA6B56E60C11A2F8C85E569E67270E57BA1CDB664508E29	identical-workspace-aliases	10
NominalAlphaRepairedBase001008Sn	NominalAlphaRepairedBase001008Sn.lean	3123ABC7D1016B8267FDE6D507C91CF297E96997E43A7C0F39BFFD30938FFB0B	identical-workspace-aliases	10
NominalAlphaRepairedBase001009Uni	NominalAlphaRepairedBase001009Uni.lean	4DF4CBBE123755621785D4F5E0E32D49523AFD367612D9B8F9B4B9DCA57D36AF	identical-workspace-aliases	10
NominalAlphaRepairedBase001010Int	NominalAlphaRepairedBase001010Int.lean	3E7D1E9D71875E1A7BD6F400B3C1F2C27AF606E17487D7641FB2286E5B6E1F84	identical-workspace-aliases	10
NominalAlphaRepairedBase001011Iun	NominalAlphaRepairedBase001011Iun.lean	83EB654E8F5B6DD779B1FFF15AF905D1E8A365BE8BA4918F0E10A7CB9529879E	identical-workspace-aliases	10
NominalAlphaRepairedBase001012Leaf1c	NominalAlphaRepairedBase001012Leaf1c.lean	255C0EFDDB139D7B6E5675D6756DE5BDEABF82A2CE3B471FD5D1B889352375C8	identical-workspace-aliases	10
NominalAlphaRepairedBase001013Xpk	NominalAlphaRepairedBase001013Xpk.lean	E41B5DE444FE66FA441AE031D9C09EF69EEA80C9514631E6ECBB2D529726B826	identical-workspace-aliases	10
NominalAlphaRepairedBase001014Cnvk	NominalAlphaRepairedBase001014Cnvk.lean	006DFDC434A05ADA469374F13D6081605F2E5761A9A69CFF05EC2CB53BD75599	identical-workspace-aliases	10
NominalAlphaRepairedBase001015Ins2k	NominalAlphaRepairedBase001015Ins2k.lean	3D1B6CCC287D01F1D232F191B0B930169D921BC3FCD002E178D0E3DF54BA948D	identical-workspace-aliases	10
NominalAlphaRepairedBase001016Ins3k	NominalAlphaRepairedBase001016Ins3k.lean	59B37212EFCC3B2714E5B80A33308128C37A6CAA212F5C4A1786CCCDE4BC30EC	identical-workspace-aliases	10
NominalAlphaRepairedBase001017Imak	NominalAlphaRepairedBase001017Imak.lean	8C3B4162FFAFBEA7AF26C747D05CAFC7187461B700AC48BE434B6BD3D16E6BD2	identical-workspace-aliases	10
NominalAlphaRepairedBase001018P6	NominalAlphaRepairedBase001018P6.lean	B6DDDA2EFBDD6342BBA933BD7186395ED6422D74855EBACE6EDEF641B761D5A3	identical-workspace-aliases	10
NominalAlphaRepairedBase001019Sik	NominalAlphaRepairedBase001019Sik.lean	71E625EC6DECE53A5F248A7258A7D8C0BA69C6286D3DB802981272BF03C39558	identical-workspace-aliases	10
NominalAlphaRepairedBase001020Ssetk	NominalAlphaRepairedBase001020Ssetk.lean	B7819E90050EA534AEC6859F2A0FF3F33030C2DDD959D9D4BD902EF904E3A6E3	identical-workspace-aliases	10
NominalAlphaRepairedBase001021Idk	NominalAlphaRepairedBase001021Idk.lean	63EA3F5CD4EC1CA85277A50D03A20DCF030A9215F0602CDD5B764EB58C007FAB	identical-workspace-aliases	10
NominalAlphaRepairedBase001022Iota	NominalAlphaRepairedBase001022Iota.lean	D2B6BDFF9ABAE5A2F5FE88AFED8B6E7867EE49839791ACF50CF0AD1E71AB3D57	identical-workspace-aliases	10
NominalAlphaRepairedBase001023Addc	NominalAlphaRepairedBase001023Addc.lean	BAB7132820AD3532C3D03F5788D046E8BA51381A836FC444372A26AFA152E575	identical-workspace-aliases	10
NominalAlphaRepairedBase001024Nnc	NominalAlphaRepairedBase001024Nnc.lean	26B06995EE34100FDDAAAD29E4DCD20852FFECA3D97ED45530ED196001371BCD	identical-workspace-aliases	10
NominalAlphaRepairedBase001025Lefin	NominalAlphaRepairedBase001025Lefin.lean	98D1D51C9813AF3D050FA44B367360360C084A3E24184C0EB25CBA6F3EB94450	identical-workspace-aliases	10
NominalAlphaRepairedBase001026Ltfin	NominalAlphaRepairedBase001026Ltfin.lean	D46D260ED007E30B4D71469648E7F49BC76E4E71EF711D4EA5F5FFCF24F5625F	identical-workspace-aliases	10
NominalAlphaRepairedBase001027Ncfin	NominalAlphaRepairedBase001027Ncfin.lean	2DE9D6D0F79878A9D3E4051A634C726B4C824F819C99C27F8D5A3A67FEBDDFEE	identical-workspace-aliases	10
NominalAlphaRepairedBase001028Tfin	NominalAlphaRepairedBase001028Tfin.lean	554EFB9DBC421147B72CB08D7F1FDD4E19B5366D6768723EF41EBB774011CFA9	identical-workspace-aliases	10
NominalAlphaRepairedBase001029Evenfin	NominalAlphaRepairedBase001029Evenfin.lean	2A2B7BEA521EA84A34E48C863D642FEE280FE7B035A784073DA38A65581D236D	identical-workspace-aliases	10
NominalAlphaRepairedBase001030Oddfin	NominalAlphaRepairedBase001030Oddfin.lean	4B87BF2ECC49D9E6C94641DE381C8283971FBD628E4F95A4A84D533E6FED4BF9	identical-workspace-aliases	10
NominalAlphaRepairedBase001031Sfin	NominalAlphaRepairedBase001031Sfin.lean	5E1716B4FED17C448029FA1849A57DD239DD8B053F5E3A8DD1AB3B7C02C1D67C	identical-workspace-aliases	10
NominalAlphaRepairedBase001032Spfin	NominalAlphaRepairedBase001032Spfin.lean	462BF9F5A0D3981314FEB516C66F232BFBFC5B56BC3779DFC13531DD8D832CF4	identical-workspace-aliases	10
NominalAlphaRepairedBase001033Phi	NominalAlphaRepairedBase001033Phi.lean	339BAF979D73896A1EBD6C6387E3D10B2DC79AACA48AA44239BACA7EF1826CA7	identical-workspace-aliases	10
NominalAlphaRepairedBase001034OpReflected001	NominalAlphaRepairedBase001034OpReflected001.lean	C1376B082BC897724FDF0F744CD5548F002EB8FD26FED15CF7E4B48EE5DEEB36	unique-workspace-basename	10
NominalAlphaRepairedBase001035Proj1Reflected001	NominalAlphaRepairedBase001035Proj1Reflected001.lean	44C44C4A4F0B0259916325003AF22EF866A02AA97A8092BF2A139E2AB21DAE5F	unique-workspace-basename	10
NominalAlphaRepairedBase001036Proj2Reflected001	NominalAlphaRepairedBase001036Proj2Reflected001.lean	7E60C113CA77B9567DF737B3866FF225C6607570968E4781CCC78D992049DAA5	unique-workspace-basename	10
NominalAlphaRepairedBase001037OpabFVReflOnHelpers004	NominalAlphaRepairedBase001037OpabFVReflOnHelpers004.lean	C896C099513AA287D69BA7A6D3A9DC81E8FD220434F1415174B920B52EBC6D48	receipt-resource-exact	10
NominalAlphaRepairedBase001037OpabOpaqueCertificate004	NominalAlphaRepairedBase001037OpabOpaqueCertificate004.lean	51EF392B9F993DFDC69E114F3C41E5492766A1506D8FE503863EA13D2B524BFD	receipt-resource-exact	3
NominalAlphaRepairedBase001037OpabOpaqueHoisted004	NominalAlphaRepairedBase001037OpabOpaqueHoisted004.lean	800FC07C210F4F3E2ED6CDFCC2C34A59EE35B00928F1C98646D5D3BF71993FE3	receipt-resource-exact	3
NominalAlphaRepairedBase001038Leaf1stReflected001	NominalAlphaRepairedBase001038Leaf1stReflected001.lean	5E900254ED7AEA7EC7631DA014B46D428DD270FEB9828F0300A0929711769568	receipt-resource-exact	10
NominalAlphaRepairedBase001039SwapReflected001	NominalAlphaRepairedBase001039SwapReflected001.lean	5B3452325B718C463D9595F57FC0AD10D9966655878EF4BDE1733A53E9DB19A0	receipt-resource-exact	10
NominalAlphaRepairedBase001040SsetReflected001	NominalAlphaRepairedBase001040SsetReflected001.lean	C457D911B83AC22C310C38EE9CAC3C40B617CD9F82FCD542D20C2B1482EBEC69	receipt-resource-exact	10
NominalAlphaRepairedBase001041CoReflected001	NominalAlphaRepairedBase001041CoReflected001.lean	FFFD2C0E1C5D0D721EBA58A403A7FB77E6848EFE194DAADF70BDB4E3BCDF022A	receipt-resource-exact	10
NominalAlphaRepairedBase001042ImaReflected001	NominalAlphaRepairedBase001042ImaReflected001.lean	BDA5B7D9BC6B22BF9091D09892D10D552DF1E9DBED2B24BA11A37BEF8908E95C	receipt-resource-exact	10
NominalAlphaRepairedBase001043SiReflected001	NominalAlphaRepairedBase001043SiReflected001.lean	D0ADE6EC628D995E01BD4FD472D6211A066FA347A4568A1654FA46C7F00D2118	receipt-resource-exact	10
NominalAlphaRepairedBase001044IdReflected001	NominalAlphaRepairedBase001044IdReflected001.lean	4AB1B38E3FE69817832B2644DFCB852036ADFDEF529C80C8BDD427A10F9655F2	receipt-resource-exact	10
NominalAlphaRepairedBase001045XpReflected001	NominalAlphaRepairedBase001045XpReflected001.lean	1E40A0BEE9BDEAFB5950CE0802F564A0E0EFF8FB43C89C96204A5F12EC8BD8A3	receipt-resource-exact	10
NominalAlphaRepairedBase001046CnvReflected001	NominalAlphaRepairedBase001046CnvReflected001.lean	F63FC4D6849AF09E83E5D036F131AC31BF07C8E9FB6EA029B9A209BF000DDC36	receipt-resource-exact	10
NominalAlphaRepairedBase001047FvReflected001	NominalAlphaRepairedBase001047FvReflected001.lean	370A87DDB755ABCC138E5683CB7ED167C37DCD78AB6587457DB86D4537884E15	receipt-resource-exact	10
NominalAlphaRepairedBase001048Leaf2ndReflected001	NominalAlphaRepairedBase001048Leaf2ndReflected001.lean	8D4F721F9A959D2B7254AE81854F82473DB0D0794B975DFF85F2132F28EA471F	receipt-resource-exact	10
NominalAlphaRepairedBase001049OprabReflected001	NominalAlphaRepairedBase001049OprabReflected001.lean	8CE49831B946836EDEB5840B064C22F917A1539FCD6C7F8EDA1FB2D8BF079582	receipt-resource-exact	3
NominalAlphaRepairedDfNfc001	NominalAlphaRepairedDfNfc001.lean	771E116FC6ABED5E82B38DC68930BD04F0BB88BC994FE519D6956C22DE2CF115	unique-workspace-basename	10
NominalAlphaTransport	NominalAlphaTransport.lean	AFA5E9B073F76B2A2E74BC5FE050B2232F499F1FF29EAD29A88E54FDA9F8DCD7	unique-workspace-basename	3
NominalAtomicRecanonDev	NominalAtomicRecanonDev.lean	1DFB3C838EFFC47CBE51647DC0F55BED75789F25F77955E8AE1B443CCBC045FD	unique-workspace-basename	4
NominalCertificate	NominalCertificate.lean	BA083EAA01EE8895EF7529650C0E496DD9C9B6AA9BB5BD91DA436205F2248583	unique-workspace-basename	3
NominalClassHandlersDev011	NominalClassHandlersDev011.lean	A94E7C2D3FEF931A21AE6807A62359AB2CABEC20F3F20F40D0595D12A2CDDC74	unique-workspace-basename	4
NominalDefinitionLeafAdapterDev014	NominalDefinitionLeafAdapterDev014.lean	E11880B3F3B4C4A07136520033D24E72A132D4C40FB74E1B5E16BA261E03C268	unique-workspace-basename	4
NominalDefinitionLeafHandlersCanonical001	NominalDefinitionLeafHandlersCanonical001.lean	F3266D46ACBF6C7310F8CE201A5B68B28B26AA9427F99C6DFF79DA6C25ACE628	unique-workspace-basename	3
NominalDefinitionLeafHandlersObjExtCompat001	NominalDefinitionLeafHandlersObjExtCompat001.lean	92981178B08D8CC4A391EC36CBDCA19553BFDCF4F2CF28B56091D9C917255EBD	unique-workspace-basename	5
NominalDefinitionRefl	NominalDefinitionRefl.lean	BA87CC677A3C522FCD0ABBDB9ADE1F11246065193D6D31127B83BD56F3322756	unique-workspace-basename	3
NominalDfClabProperSubstitutionCoreDev003	NominalDfClabProperSubstitutionCoreDev003.lean	7D85058A4040B6E33C9234A25E968772CE52DF1790AB5546B3188C461395291F	unique-workspace-basename	3
NominalDfClabStructuralDev005	NominalDfClabStructuralDev005.lean	CB2AEA32699EC329B608611B5D9EA8942D7C17C8C0F17E0F350E67CB76A7CCAB	unique-workspace-basename	4
NominalDfEu	NominalDfEu.lean	56532E93E7C3A3A1BC244284C6F124017462D9A9E2AE59440DC018E469F26EA6	unique-workspace-basename	4
NominalLogicalWrappers	NominalLogicalWrappers.lean	3231D0E45C9EA617D56D5C9A8790D2BC599D61F0B221D14F573A280D2B627313	unique-workspace-basename	3
NominalLogicalWrappersComplete	NominalLogicalWrappersComplete.lean	5BD2122F4E605102645D361501F58719133C9D68B9CE4C9EAB6202FEA0B18253	unique-workspace-basename	3
NominalLoweringDerived	NominalLoweringDerived.lean	ACF4FDF7444D31E7A822417887F7DC3DE399AA3CE1829E216B9FD427C1E8B9A3	unique-workspace-basename	3
NominalLoweringLemmas	NominalLoweringLemmas.lean	4B30810478637A42AB77817B4555297838B9457E28876C0776E91AEBE111E125	unique-workspace-basename	3
NominalNFLiteralBaseFour	NominalNFLiteralBaseFour.lean	645BC1D8F9ABAFD19FF19C0C183A45356BEFB57433B10E618303C8BB59BE6FBB	receipt-resource-exact	3
NominalNFLiteralHandlers	NominalNFLiteralHandlers.lean	DA89B8BA8C2C03A052ACBD9145D2CB5DBDD3F71EA6EAC9C20E003D531F803596	unique-workspace-basename	4
NominalNFLiteralRemainingViaCompletenessDev001	NominalNFLiteralRemainingViaCompletenessDev001.lean	4C3108C6FAA373587B09BDB7CF1CABDB488FCDD6372069091D00197F54F6EE9F	receipt-resource-exact	5
NominalNFLiteralXpViaCompletenessDev003	NominalNFLiteralXpViaCompletenessDev003.lean	84AC0EBAD69731691E7ED9C678D27DBAA548366F79D9C9EF418F941A909D6F28	receipt-resource-exact	5
NominalOneFreeCompletenessBridgeDev003	NominalOneFreeCompletenessBridgeDev003.lean	4BBB03E819D59CA25196551017646B16DC0B4F3E94A8A6FEA16A63CFAD2025FC	receipt-resource-exact	5
NominalRecanonTransportCompat001	NominalRecanonTransportCompat001.lean	79800E8F3AD787FE53831F8B3618D4006ED6A452C44A8AC1FCD9947F8D152D7E	unique-workspace-basename	3
NominalRecanonTransportDev	NominalRecanonTransportDev.lean	BC44CDC554009B9C5E12D4929AEE3803D5E9DD872781D3CC13994E2913959111	unique-workspace-basename	3
NominalRenamingLemmas	NominalRenamingLemmas.lean	A1DD81B5503E65773B8717272ECD88D566B0402E9E566BFD504C1A654C0BAE85	unique-workspace-basename	3
NominalSubstitutionLemmas	NominalSubstitutionLemmas.lean	83CF7D420F22AD46CA420BC01DD5C3F3D18526E765EA68F8B3DA4FFEF29E78BD	unique-workspace-basename	3
NominalSwapLemmas	NominalSwapLemmas.lean	3681AE15D75A1BD78FDAD767DE32106F121565BBB9359D2D843508366C12EABB	unique-workspace-basename	3
NominalWPPReplayChunk001	NominalWPPReplayChunk001.lean	E7A64311EA28FE8D713E4FA317D0A3F1661BFAFA6FECC6E5561C5E0C56337AFB	receipt-resource-exact	24
NominalWPPReplayChunk002	NominalWPPReplayChunk002.lean	3C8D54B9C44D0372AD4656C197D1245CB1F0BD48F1BB7623D1B77C980EDE26DC	receipt-resource-exact	3
NominalWPPReplayChunk003	NominalWPPReplayChunk003.lean	818D8371DAE8BC96D2FD58C4BF9976B98ACB794CC6EF400E6999F1B51BB05C09	receipt-resource-exact	3
NominalWPPReplayChunk004	NominalWPPReplayChunk004.lean	3DB32163C633BD0504F6F89B61F35501EA7591D030FA731A69DE0BD8FC0AEE6B	receipt-resource-exact	3
NominalWPPReplayChunk005	NominalWPPReplayChunk005.lean	DFF9D5A14B551A6E10F8CF30FBE76DAC33B13E3CD0254F60F57DC1CDCC40E3F9	receipt-resource-exact	3
NominalWPPReplayChunk006	NominalWPPReplayChunk006.lean	227B22A0A9815C57499467061615255D786AB82AF020F59226EA100D22D92678	receipt-resource-exact	3
NominalWPPReplayChunk007	NominalWPPReplayChunk007.lean	A8F48E2277C1D56074956C9C07C09F2DD89A21359AA2914B326EAC4486486222	receipt-resource-exact	3
NominalWPPReplayChunk008	NominalWPPReplayChunk008.lean	9BAAE56210727FEEB3526F4DED012C9B7C9967EF045E4110A327DEF3482ED8C3	receipt-resource-exact	3
NominalWPPReplayChunk009	NominalWPPReplayChunk009.lean	BB65083DFCB24405ACBF914AED2F5D6540A0B450EE8CEA7D9216F2363F4003CF	receipt-resource-exact	3
NominalWPPReplayChunk009StructuralPart001	NominalWPPReplayChunk009StructuralPart001.lean	0BC1BA9AA7C43EBA8213EC019ADD591A69C8775DF2C74B7E2F49AF6CB0ECE25A	receipt-resource-exact	52
NominalWPPReplayChunk009StructuralPart002	NominalWPPReplayChunk009StructuralPart002.lean	C87FB2864656F5B9688A3BF234B5A230F4CEF03522B766CE568A216A843C6F33	receipt-resource-exact	52
NominalWPPReplayChunk009StructuralPart003	NominalWPPReplayChunk009StructuralPart003.lean	481EA35B3FFEA1D21886A7C4D517F5146277CD8E4E58F0F2A95E08580C36E9AB	receipt-resource-exact	52
NominalWPPReplayChunk009StructuralPart004	NominalWPPReplayChunk009StructuralPart004.lean	936FC8F3AC70F0ECA4DEED1F6245675324808CFDBACECEDC521817D09C558674	receipt-resource-exact	52
NominalWPPReplayChunk009StructuralPart005	NominalWPPReplayChunk009StructuralPart005.lean	BDA2D0925D8AE51472529920C6EB3B40A59FB71B1E2D61D7D56383CFE5CAB4D2	receipt-resource-exact	52
NominalWPPReplayChunk009StructuralPart006	NominalWPPReplayChunk009StructuralPart006.lean	DDCF4163251F45BF1EB543437003B64A4BC7235B6E2B03F7A93BABAE89B1709E	receipt-resource-exact	52
NominalWPPReplayChunk009StructuralPart007	NominalWPPReplayChunk009StructuralPart007.lean	4F7DE4B1B25363D32B08F0C7929BF84280FB0892E747664EB9FBF9D991657A1B	receipt-resource-exact	52
NominalWPPReplayChunk009StructuralPart008	NominalWPPReplayChunk009StructuralPart008.lean	9205B113B6B8E6A8A5582DB369B49B2F8A01C840388918F60F464B51593A04DC	receipt-resource-exact	52
NominalWPPReplayChunk009StructuralPart009	NominalWPPReplayChunk009StructuralPart009.lean	554EECA69A9E9BB7905848B82DDD02175489579BF22B8CDEF6951D51B160CE97	receipt-resource-exact	52
NominalWPPReplayChunk009StructuralPart010	NominalWPPReplayChunk009StructuralPart010.lean	9EB017DEEB2098CD1C559D488BD741E1ABF083FF9EEDF4DEDEBF28806904AD8E	receipt-resource-exact	52
NominalWPPReplayChunk009StructuralPart011	NominalWPPReplayChunk009StructuralPart011.lean	6956C9AB460AD8F84A7CCAFF618C84A3E4E62AA6D00631E7A0F020014AF96B2E	receipt-resource-exact	52
NominalWPPReplayChunk009StructuralPart012	NominalWPPReplayChunk009StructuralPart012.lean	361E0797500384916523DC1ABBD5C6D5F27063A510E0F0903045134B6BAFD5ED	receipt-resource-exact	52
NominalWPPReplayChunk009StructuralPart013	NominalWPPReplayChunk009StructuralPart013.lean	5D779E22F944F8F0202A83A53F2C18409FDEB05614156E3363A28B0DDD349EBD	receipt-resource-exact	52
NominalWPPReplayChunk009StructuralPart014	NominalWPPReplayChunk009StructuralPart014.lean	D6E8313650CC2F0DB7224DBCEE68B3091F3DC594CD8EA3D6FEE0AD51A6FF8F19	receipt-resource-exact	52
NominalWPPReplayChunk009StructuralPart015	NominalWPPReplayChunk009StructuralPart015.lean	1295D047ABC6B291C96202052D2DC3DBC25372CB10556CDB647BA99AB708E4F4	receipt-resource-exact	52
NominalWPPReplayChunk009StructuralPart016	NominalWPPReplayChunk009StructuralPart016.lean	F717FA3184921B8F604907702BE56456C2E0678270108167FFECD285A873E2B6	receipt-resource-exact	52
NominalWPPReplayChunk009StructuralPart017	NominalWPPReplayChunk009StructuralPart017.lean	C7E4A86424645FEFBF723E8E691C34B845DAF026F3E45B07404321FCA154F2F3	receipt-resource-exact	52
NominalWPPReplayChunk009StructuralPart018	NominalWPPReplayChunk009StructuralPart018.lean	01E6A7A4CD4BFF0962A90E1B83605A82E7599A72726085BBF2D26A81387A4ED7	receipt-resource-exact	52
NominalWPPReplayChunk009StructuralPart019	NominalWPPReplayChunk009StructuralPart019.lean	A319D87CFD3BF658A89712DB0DFE2A747CAB83CF6A3D24D3DF2A5C6DD6F6A138	receipt-resource-exact	52
NominalWPPReplayChunk009StructuralPart020	NominalWPPReplayChunk009StructuralPart020.lean	A908362323BF09BB8EF10519633A569BC6655A10B39A2F9BE3D014AC9B2E8F7F	receipt-resource-exact	52
NominalWPPReplayChunk009StructuralPart021	NominalWPPReplayChunk009StructuralPart021.lean	5A3852922EED93716330729B6E6580F19EA18EFC7C9EDA2F4531819CE685C866	receipt-resource-exact	52
NominalWPPReplayChunk009StructuralPart022	NominalWPPReplayChunk009StructuralPart022.lean	2AA48B8438410B5E2682CC0DFB4AE7AF855FEE34747A394C78830CB48C0624D2	receipt-resource-exact	52
NominalWPPReplayChunk009StructuralPart023	NominalWPPReplayChunk009StructuralPart023.lean	7AB771BCA5781F3D61446F479FF6FD4210FB4A400F96179198BFDA67B0F0162B	receipt-resource-exact	52
NominalWPPReplayChunk009StructuralPart024	NominalWPPReplayChunk009StructuralPart024.lean	52F172FB6F05F51A72E908028FC876AFC4386D81E39E09C051C9F58846573459	receipt-resource-exact	52
NominalWPPReplayChunk009StructuralPart025	NominalWPPReplayChunk009StructuralPart025.lean	25E0B357BF0C97EFCD7DA0A2A7F78B4CCCA37157224550EAFC7CD3E20657C4AB	receipt-resource-exact	52
NominalWPPReplayChunk009StructuralPart026	NominalWPPReplayChunk009StructuralPart026.lean	23CF947EAE2E77E20B6F60F7BD5116D6628EFAE46E36289A2EF417477D0FFC84	receipt-resource-exact	52
NominalWPPReplayChunk009StructuralPart027	NominalWPPReplayChunk009StructuralPart027.lean	91DF1BA07E5DFC3CCBE040E85ED41F93900FB5512BC1DDE0A0A96EC5C3CC71B6	receipt-resource-exact	52
NominalWPPReplayChunk009StructuralPart028	NominalWPPReplayChunk009StructuralPart028.lean	F7A62F431D2DFD93252C8F22A6441C068BE4853049E73CCDA792D2579DEE815F	receipt-resource-exact	52
NominalWPPReplayChunk009StructuralPart029	NominalWPPReplayChunk009StructuralPart029.lean	7B2A235CEC5276ED98F4F70532B06D535CAA642812BE8285D594C7594BE0E20C	receipt-resource-exact	52
NominalWPPReplayChunk009StructuralPart030	NominalWPPReplayChunk009StructuralPart030.lean	68CE91CEE7AC34AA459354DAFE5342F36609C849FB578047341FF21E532DB11A	receipt-resource-exact	52
NominalWPPReplayChunk009StructuralPart031	NominalWPPReplayChunk009StructuralPart031.lean	88AB08A64666DC7AFB5BF7C78D1056AA22C1BF25512DCAE64DD301CEE59325BF	receipt-resource-exact	52
NominalWPPReplayChunk009StructuralPart032	NominalWPPReplayChunk009StructuralPart032.lean	0F4D2EC054AE8D6BCE42C7A576D3AF8F9C152D282EC998433EDC8B2FBCA295CB	receipt-resource-exact	52
NominalWPPReplayChunk009StructuralPart033	NominalWPPReplayChunk009StructuralPart033.lean	E2D7AAB39E43E68CC7E2427B18D69437C704B2213638187DFB6786EA4EA21011	receipt-resource-exact	52
NominalWPPReplayChunk009StructuralPart034	NominalWPPReplayChunk009StructuralPart034.lean	7303C9ED5C9D5B2B195B985E8AA9A02FD03807BA66C5C1A9DE8D6B64D913AAF3	receipt-resource-exact	52
NominalWPPReplayChunk009StructuralPart035	NominalWPPReplayChunk009StructuralPart035.lean	981B442D9D73F4C02F09FD0D0009AC724EB0FAF5B81ACC9BE1EBBD11C7BF94DA	receipt-resource-exact	52
NominalWPPReplayChunk009StructuralPart036	NominalWPPReplayChunk009StructuralPart036.lean	67BC7FFEEF2A2B4D2AC33A0A0ECCF99FDFA9905A945CEEA34403830897E567BB	receipt-resource-exact	52
NominalWPPReplayChunk009StructuralPart037	NominalWPPReplayChunk009StructuralPart037.lean	93776A982098E326B0FD5C0E1DC87864E0E3B395CBA487F1F6BBB68A4F4FF17E	receipt-resource-exact	52
NominalWPPReplayChunk009StructuralPart038	NominalWPPReplayChunk009StructuralPart038.lean	012D3D06C39900E621BE74CE6C6F4D4EE6A0A72FC6CE533A1C94A387699F1DA5	receipt-resource-exact	52
NominalWPPReplayChunk009StructuralPart039	NominalWPPReplayChunk009StructuralPart039.lean	A7A8C371709165F3E72E01930627AE6D148E661371761575830CF8B207C9A3F5	receipt-resource-exact	52
NominalWPPReplayChunk009StructuralPart040	NominalWPPReplayChunk009StructuralPart040.lean	D170078FBD0748E5D0A2641D6A89785A990EC6F191D722508C73C0E981F7DC30	receipt-resource-exact	52
NominalWPPReplayChunk009StructuralPart041	NominalWPPReplayChunk009StructuralPart041.lean	8ADED6193E24C130ACA0A7C81840B61BE4BCFAD7380A9C1A3D9B27AA541E7469	receipt-resource-exact	52
NominalWPPReplayChunk009StructuralPart042	NominalWPPReplayChunk009StructuralPart042.lean	2F8CA23974B6368E478140D5935824D5F881A96CF73A8120D0E978DF85B32939	receipt-resource-exact	52
NominalWPPReplayChunk009StructuralPart043	NominalWPPReplayChunk009StructuralPart043.lean	FE7FF143E481F313CDE1F8F7C2CD398E766FEB85F674267A9F30AF536C102A2B	receipt-resource-exact	52
NominalWPPReplayChunk009StructuralPart044	NominalWPPReplayChunk009StructuralPart044.lean	02473C2598E330D336F3D3EFBA0442F2C2F17F05837355ABF51C248DA0217131	receipt-resource-exact	52
NominalWPPReplayChunk009StructuralPart045	NominalWPPReplayChunk009StructuralPart045.lean	1566F0B9EA786C536A90F7C1D2DEEC77EF73456097F2A1AC6EB0C7C3D865A8E2	receipt-resource-exact	52
NominalWPPReplayChunk009StructuralPart046	NominalWPPReplayChunk009StructuralPart046.lean	03E8B59892100F46692FF07B678FC6D4E4B2256DC0BBD8EB951B30FCDE342345	receipt-resource-exact	52
NominalWPPReplayChunk009StructuralPart047	NominalWPPReplayChunk009StructuralPart047.lean	A41C66CC50FF265FD08BFEAE28661101A5E0516A46D97B144EDB4FF9A660F727	receipt-resource-exact	52
NominalWPPReplayChunk009StructuralPart048	NominalWPPReplayChunk009StructuralPart048.lean	3142EDDB44CB50E51C8C6C700D2C3DA78A1D3175C096047ADBDCD67FF2309D07	receipt-resource-exact	52
NominalWPPReplayChunk009StructuralPart049	NominalWPPReplayChunk009StructuralPart049.lean	BEF392115F0639135AD4366B484A669A84421D4BB1FA106421BD1886893F566E	receipt-resource-exact	52
NominalWPPReplayChunk009StructuralPart050	NominalWPPReplayChunk009StructuralPart050.lean	B30340B9835411B30B5131245A42FB660E79D43A552FC2A289F8507A640066C3	receipt-resource-exact	52
NominalWPPReplayChunk009StructuralPart051	NominalWPPReplayChunk009StructuralPart051.lean	FADB6D3F835F861172712AEAB8800696D4C3E09356827DFBE3B2E3CE096C0890	receipt-resource-exact	52
NominalWPPReplayChunk009StructuralPart052	NominalWPPReplayChunk009StructuralPart052.lean	92A1FEB1BC62F33B98FB4397474D36CDC2B1922A3CE2ADBC4A2959FD08253780	receipt-resource-exact	52
NominalWPPReplayChunk009StructuralPart053	NominalWPPReplayChunk009StructuralPart053.lean	CC0182C0D6591C2E95EF8A3F8F05C1C727BA5F6758F980CC3222688802FD5580	receipt-resource-exact	52
NominalWPPReplayChunk009StructuralPart054	NominalWPPReplayChunk009StructuralPart054.lean	612513EF044702BF093B4A36E7666AA1806446C7AF107FB5B6B9B06F7DC5CD51	receipt-resource-exact	52
NominalWPPReplayChunk009StructuralPart055	NominalWPPReplayChunk009StructuralPart055.lean	E36B4347DB0443234CFC3DCA8E8BCAA752444BA53ADC9B865515378186F2323D	receipt-resource-exact	52
NominalWPPReplayChunk009StructuralPart056	NominalWPPReplayChunk009StructuralPart056.lean	AB8A706A59760AE398869A1DB00AAFC50685F0F1B231D075E91E5E199D256640	receipt-resource-exact	52
NominalWPPReplayChunk009StructuralPart057	NominalWPPReplayChunk009StructuralPart057.lean	AEB1B21C7E561EFE35BC1C0EDB654CEA1AA0977FEB17D19E34380F6A8106F661	receipt-resource-exact	52
NominalWPPReplayChunk009StructuralPart058	NominalWPPReplayChunk009StructuralPart058.lean	C9A3212C97250CE40BB2611B3F82E59E9A512A2C9042507F2D62CC33922ACF47	receipt-resource-exact	52
NominalWPPReplayChunk009StructuralPart059	NominalWPPReplayChunk009StructuralPart059.lean	26419C48BBBC6F7789E639457D13058AB0AD5C28FFCAF9D916F7184ED98C31E9	receipt-resource-exact	52
NominalWPPReplayChunk009StructuralPart060	NominalWPPReplayChunk009StructuralPart060.lean	73225589A164AFCF6B705CE87FB744587CC56E79D065083BA8355A45D4C85F75	receipt-resource-exact	52
NominalWPPReplayChunk010Compact001	NominalWPPReplayChunk010Compact001.lean	0F8A8EF494ECA8279675DD4F2336107C438FCE90F490A61B5952BC59742F338A	receipt-resource-exact	3
NominalWPPReplayChunk010Compact001Part001	NominalWPPReplayChunk010Compact001Part001.lean	E2FB1DB14F22D2AB515C701D93A9F32A762B4ECF34882764788C4A2F28F4DC26	receipt-resource-exact	63
NominalWPPReplayChunk010Compact001Part002	NominalWPPReplayChunk010Compact001Part002.lean	348588A3F0DD8A43C9168AFC04E2BC591FB90A4B39A9CCC5947741B2BB17C176	receipt-resource-exact	63
NominalWPPReplayChunk010Compact001Part003	NominalWPPReplayChunk010Compact001Part003.lean	31549B3034EB12F3BD90D06B95B13E125798BD707553ABC72C20794E44650577	receipt-resource-exact	63
NominalWPPReplayChunk010Compact001Part004	NominalWPPReplayChunk010Compact001Part004.lean	E335E722BAA63E4AFFBCE10A684C01FFD5456A23FB3305F43B8440436A803E19	receipt-resource-exact	63
NominalWPPReplayChunk010Compact001Part005	NominalWPPReplayChunk010Compact001Part005.lean	2C11DEE76552C86B5CB556DF5D5F31BF5A2E0EF210F2F6DA85AB53E6E530D0FC	receipt-resource-exact	63
NominalWPPReplayChunk010Compact001Part006	NominalWPPReplayChunk010Compact001Part006.lean	8797995AD3968109EBC58385B4B6927605895A3CE6A9F5B42413BBABE6481467	receipt-resource-exact	63
NominalWPPReplayChunk010Compact001Part007	NominalWPPReplayChunk010Compact001Part007.lean	47EC4A80D0BE2B41EDE94BFA9549B709CE02932171BF0E140206DBDF343583A9	receipt-resource-exact	63
NominalWPPReplayChunk010Compact001Part008	NominalWPPReplayChunk010Compact001Part008.lean	36B6C6252B9A1BBEE700D3694DBFD8DC564DE858F413C09B7BA6DBF5DFF7E67A	receipt-resource-exact	63
NominalWPPReplayChunk010Compact001Part009	NominalWPPReplayChunk010Compact001Part009.lean	26C84D6BE3F873B8D038A168F04E2AB41F95311F4EE357D5444FE760A0CE75A0	receipt-resource-exact	63
NominalWPPReplayChunk010Compact001Part010	NominalWPPReplayChunk010Compact001Part010.lean	79D20A69435863A3AC573C03F568341A30E27B37753B0DCEAA66E6C4BFECA5D3	receipt-resource-exact	63
NominalWPPReplayChunk010Compact001Part011	NominalWPPReplayChunk010Compact001Part011.lean	731854097FCEF5EE51E29E8EE91F6B1B5BC233AFBF8C24F9CCA23236C0DAE74A	receipt-resource-exact	63
NominalWPPReplayChunk010Compact001Part012	NominalWPPReplayChunk010Compact001Part012.lean	68825965959CAB9F1E99AFFCFF901537BF5101642ECCA98789770C023A7CB10F	receipt-resource-exact	63
NominalWPPReplayChunk010Compact001Part013	NominalWPPReplayChunk010Compact001Part013.lean	194C3A9158F2B1BCBB00C199550E4DD71C46E4ABE60C1DC104E9FCE9D9EB51B9	receipt-resource-exact	63
NominalWPPReplayChunk010Compact001Part014	NominalWPPReplayChunk010Compact001Part014.lean	51DE66826653DAFB8F7504F4273C909F5AFCB41110F8600030887031A167CB1A	receipt-resource-exact	63
NominalWPPReplayChunk010Compact001Part015	NominalWPPReplayChunk010Compact001Part015.lean	AD79C5945E0F24CBE61AAD1583724B2B4A9178C08C91B7FC40B570AAF5874F8E	receipt-resource-exact	63
NominalWPPReplayChunk010Compact001Part016	NominalWPPReplayChunk010Compact001Part016.lean	C3214FE275F5C7314BC2C918AF6F3E0165542B0699F69D9AD700822744BC0B64	receipt-resource-exact	63
NominalWPPReplayChunk010Compact001Part017	NominalWPPReplayChunk010Compact001Part017.lean	14E4CB9F9B56A6624673DD7FA45061117BD5232431CBAEDD76276585651D7B38	receipt-resource-exact	63
NominalWPPReplayChunk010Compact001Part018	NominalWPPReplayChunk010Compact001Part018.lean	E2EAFCCBA34450793A4BAB2389D60E9014BE278C69243161F132776CC28FFC8A	receipt-resource-exact	63
NominalWPPReplayChunk010Compact001Part019	NominalWPPReplayChunk010Compact001Part019.lean	F10902E6943C0205450F350B36D3D1609B5A4D0CE6B57757320E3C196A047A9E	receipt-resource-exact	63
NominalWPPReplayChunk010Compact001Part020	NominalWPPReplayChunk010Compact001Part020.lean	69AB76C612674227AFA21CECC462CBF1F600D25BF380BDB8A1FE6586483AEEB5	receipt-resource-exact	63
NominalWPPReplayChunk010Compact001Part021	NominalWPPReplayChunk010Compact001Part021.lean	3DF6029DFE0A1DD34F922D9B1F3142048F2A992391CD50FB3A7B9A684ED94B0A	receipt-resource-exact	63
NominalWPPReplayChunk010Compact001Part022	NominalWPPReplayChunk010Compact001Part022.lean	3CC628B698FD6B1D32492F7DD21A71E13568F7B9D9C6ECC5EFC62CB43016026B	receipt-resource-exact	63
NominalWPPReplayChunk010Compact001Part023	NominalWPPReplayChunk010Compact001Part023.lean	F8F50F91FEC74EF38D2FB216E2E21B64AB60E28515262ED2C76F666E42D57DDE	receipt-resource-exact	63
NominalWPPReplayChunk010Compact001Part024	NominalWPPReplayChunk010Compact001Part024.lean	7C263D3F7BBB5A48538529D0DB9D56A7B7818E6126C07BA3B7665FF1EE8E46CE	receipt-resource-exact	63
NominalWPPReplayChunk010Compact001Part025	NominalWPPReplayChunk010Compact001Part025.lean	1C016737A7902E6819E297B04A63A08880927EB6D72671FD5D9918FFE70F265C	receipt-resource-exact	63
NominalWPPReplayChunk010Compact001Part026	NominalWPPReplayChunk010Compact001Part026.lean	2E3D1975A696CB4A43D5CD9EB850C3392D501100DE4B054041832FDA722944C5	receipt-resource-exact	63
NominalWPPReplayChunk010Compact001Part027	NominalWPPReplayChunk010Compact001Part027.lean	D66E6DB59CD2957ED04D7F8E3C7F4FDA1C4DBB77670FC703C64889937031A752	receipt-resource-exact	63
NominalWPPReplayChunk010Compact001Part028	NominalWPPReplayChunk010Compact001Part028.lean	2433219EFC2B1F43ACB8BDF1D74BA230A2CB279E2CF88ACE0C09D97472A1C783	receipt-resource-exact	63
NominalWPPReplayChunk010Compact001Part029	NominalWPPReplayChunk010Compact001Part029.lean	8D107EA0FFF34E38DF75115979063145E1C34CFB502AD6BCFFE446C5084466BB	receipt-resource-exact	63
NominalWPPReplayChunk010Compact001Part030	NominalWPPReplayChunk010Compact001Part030.lean	299AE3A76512C583D408FCDEFEEA842DB8A50E40741BD43398C4C2BBC61C9123	receipt-resource-exact	63
NominalWPPReplayChunk010Compact001Part031	NominalWPPReplayChunk010Compact001Part031.lean	A953F946266184790C4FBB81DA0EF0FBE00DC7AB3449E1D5F85884AF4E0D620A	receipt-resource-exact	63
NominalWPPReplayChunk010Compact001Part032	NominalWPPReplayChunk010Compact001Part032.lean	C73D76461F09DD2FF04965C10FC6ED6CA2C1B5DF9D8D15486DF2294E7EDEBF03	receipt-resource-exact	63
NominalWPPReplayChunk010Compact001Part033	NominalWPPReplayChunk010Compact001Part033.lean	BE4FFB28A57454AD610B49B265CA22DE7ECCDF32B5C2B34131992FB8A0A4257B	receipt-resource-exact	63
NominalWPPReplayChunk010Compact001Part034	NominalWPPReplayChunk010Compact001Part034.lean	67178FEAC328EAC06729570A383062374B8FBC00F0AC5A545DA762C710E1C46E	receipt-resource-exact	63
NominalWPPReplayChunk010Compact001Part035	NominalWPPReplayChunk010Compact001Part035.lean	265D096191B5437591FC5757C04F73B753D41E8A8192665E696FC684DB58E504	receipt-resource-exact	63
NominalWPPReplayChunk010Compact001Part036	NominalWPPReplayChunk010Compact001Part036.lean	7310A36A5EF6917CEAF05A0629E6935352B09112BA4BD5BCACDA1166516E6C31	receipt-resource-exact	63
NominalWPPReplayChunk010Compact001Part037	NominalWPPReplayChunk010Compact001Part037.lean	1C9ED4F665A17A196D2ECE664317E003973CA7E4CBAFDBF276AD8BC1F941A744	receipt-resource-exact	63
NominalWPPReplayChunk010Compact001Part038	NominalWPPReplayChunk010Compact001Part038.lean	E689CC301E17D66DE3799771E130274AF0705D4A13A7CC2B3B27EA0D458FBD47	receipt-resource-exact	63
NominalWPPReplayChunk010Compact001Part039	NominalWPPReplayChunk010Compact001Part039.lean	1A0BB342C74796EE8999E7189883036BC6CF6489E5AE47E90E60EE5CEA0F78A4	receipt-resource-exact	63
NominalWPPReplayChunk010Compact001Part040	NominalWPPReplayChunk010Compact001Part040.lean	318EBDB8A8F86E405CB3AE4A6700383B77F5D41B764D592CEBBFF5ADB12EF370	receipt-resource-exact	63
NominalWPPReplayChunk010Compact001Part041	NominalWPPReplayChunk010Compact001Part041.lean	A4E3E903789A2917D13A877CCD2D96DCF9ECC68C7F1E8CB820F26504F5E79C0A	receipt-resource-exact	63
NominalWPPReplayChunk010Compact001Part042	NominalWPPReplayChunk010Compact001Part042.lean	62149C818EB32EF3B71DE0DA409FEB1C25E796B283F00270B9A0972419CF1BE5	receipt-resource-exact	63
NominalWPPReplayChunk010Compact001Part043	NominalWPPReplayChunk010Compact001Part043.lean	692547F57B4C553A9E2D0195ABE25919989E0E39F371EB5D579D00F6BFACC86C	receipt-resource-exact	63
NominalWPPReplayChunk010Compact001Part044	NominalWPPReplayChunk010Compact001Part044.lean	25659ECBCD1216C5963B5C667C1DC84BC1B51FBC605EC900BE49F34CB35E61A0	receipt-resource-exact	63
NominalWPPReplayChunk010Compact001Part045	NominalWPPReplayChunk010Compact001Part045.lean	9A78DAB4C3DED88E645974B55FD4B4A49281A61830A2719EEA7BA308DA285427	receipt-resource-exact	63
NominalWPPReplayChunk010Compact001Part046	NominalWPPReplayChunk010Compact001Part046.lean	BA0C2BF30F68E267163CC5E487EEC336AE0432560161A5CD42354543A7F49489	receipt-resource-exact	63
NominalWPPReplayChunk010Compact001Part047	NominalWPPReplayChunk010Compact001Part047.lean	FB17F47A564D64E4B47C8DBFCF91C62DC54377D03B748969CC50CE5679A6E532	receipt-resource-exact	63
NominalWPPReplayChunk010Compact001Part048	NominalWPPReplayChunk010Compact001Part048.lean	B1264B0049B04E59F7B22802E3FD1F7795BCA0BF43CDAFE974301729D9D0D212	receipt-resource-exact	63
NominalWPPReplayChunk010Compact001Part049	NominalWPPReplayChunk010Compact001Part049.lean	7A080CFAE2130B94D946C76177AB976B7830DE738537CF57DA8C6592F3E189CC	receipt-resource-exact	63
NominalWPPReplayChunk010Compact001Part050	NominalWPPReplayChunk010Compact001Part050.lean	DCFDCEA74F4B2239C7556D201631186301E2B256A817869AC3B7E2113538850E	receipt-resource-exact	63
NominalWPPReplayChunk010Compact001Part051	NominalWPPReplayChunk010Compact001Part051.lean	7B948AAACE6C948F6EB1B7076F66153DC04C009B516C1041377ABE79EFCC067B	receipt-resource-exact	63
NominalWPPReplayChunk010Compact001Part052	NominalWPPReplayChunk010Compact001Part052.lean	043A6836E2BA5563497A5CAD79890E93BEDC8605685589A946EBAB5E27ABAAD7	receipt-resource-exact	63
NominalWPPReplayChunk010Compact001Part053	NominalWPPReplayChunk010Compact001Part053.lean	44E4090D1DAFBAD31DE2127998FC27B50A3DDB9318C13F8CD7FBD421B3ADA800	receipt-resource-exact	63
NominalWPPReplayChunk010Compact001Part054	NominalWPPReplayChunk010Compact001Part054.lean	45F5D97683B267DBAB7E04D7C551BCC32A348B86A67598743B145AB40B4838AF	receipt-resource-exact	63
NominalWPPReplayChunk010Compact001Part055	NominalWPPReplayChunk010Compact001Part055.lean	C81EF27D37922DCFBA729148D59BFB6281B31BEA5A8AFFCF481DFD2DEDA9F2C4	receipt-resource-exact	63
NominalWPPReplayChunk010Compact001Part056	NominalWPPReplayChunk010Compact001Part056.lean	AAE1A040A1F71335A16267618ED3247C865CFC498A55DF048F5A538638AA397F	receipt-resource-exact	63
NominalWPPReplayChunk010Compact001Part057	NominalWPPReplayChunk010Compact001Part057.lean	5C7135F82C0823158FCF6992B2C6C47C5BCF9747E27B4F57A4C4FBD6D1083C1C	receipt-resource-exact	63
NominalWPPReplayChunk010Compact001Part058	NominalWPPReplayChunk010Compact001Part058.lean	5A5783D05AE7063002416CCE1B19CEABF0C903DB48AD3EA50F08F929809F94CD	receipt-resource-exact	63
NominalWPPReplayChunk010Compact001Part059	NominalWPPReplayChunk010Compact001Part059.lean	34DE231914DBFDF6652A919125AA70FB6BBDB7B9C2BB1AFA30FCA60FACC346FA	receipt-resource-exact	63
NominalWPPReplayChunk010Compact001Part060	NominalWPPReplayChunk010Compact001Part060.lean	13B80BB1AEB26E837F9373D6D59F4288E0CF07FCE23FF178467EFF4E2EAE1715	receipt-resource-exact	63
NominalWPPReplayChunk010Compact001Part061	NominalWPPReplayChunk010Compact001Part061.lean	BB565CF836595D214ADE96DC68034B84FE49350EF8A60E0A1D2DE58458D14AD1	receipt-resource-exact	63
NominalWPPReplayChunk010Compact001Part062	NominalWPPReplayChunk010Compact001Part062.lean	FA033AD8DA040C46118DF7A16EB8D5EFD44DA10E19323099FA9215B83E407335	receipt-resource-exact	63
NominalWPPReplayChunk010Compact001Part063	NominalWPPReplayChunk010Compact001Part063.lean	BDD5FCBD9AE4041CD7E06037E6F680A5BA87692A1F991407006D12DAE2F13A33	receipt-resource-exact	63
NominalWPPReplayChunk010Compact001Part064	NominalWPPReplayChunk010Compact001Part064.lean	F200B8170F8D59551CB37BF035349E732210C1698E5741C042E00C23343258DB	receipt-resource-exact	63
NominalWPPReplayChunk010Compact001Part065	NominalWPPReplayChunk010Compact001Part065.lean	2CE3FC06C2512807959EAD6E4E33AF8A1761CA1F1D85284EF4FB9B69E901BF65	receipt-resource-exact	63
NominalWPPReplayChunk010Compact001Part066	NominalWPPReplayChunk010Compact001Part066.lean	4F48F1E0350ABA63D05E9615D992B34641E5323DCFB05AE0F789E47378040536	receipt-resource-exact	63
NominalWPPReplayChunk011Compact001	NominalWPPReplayChunk011Compact001.lean	86F64DF2029F68B56A978CFC6F4C9F338BEA315055EE86C668B253B6E6D45E56	receipt-resource-exact	3
NominalWPPReplayChunk011Compact001Part001	NominalWPPReplayChunk011Compact001Part001.lean	CC7C709D7D5902BD8275E192442FE28DEA5356AA3E23B19FD2A69FCD81CFB827	receipt-resource-exact	63
NominalWPPReplayChunk011Compact001Part002	NominalWPPReplayChunk011Compact001Part002.lean	073E991807A1AC757B056E69B2BAFF0F9FDF7A5AA516A0662C6E9E15634EDB3E	receipt-resource-exact	63
NominalWPPReplayChunk011Compact001Part003	NominalWPPReplayChunk011Compact001Part003.lean	32AC7AB60D8EA756A7A815C6894D4414B8BAC49337483CC9DB8121CB6F1DC9EE	receipt-resource-exact	63
NominalWPPReplayChunk011Compact001Part004	NominalWPPReplayChunk011Compact001Part004.lean	8FBD8F603AFD7431C91CA23B0D63C417E6F70F4DC27F46D5D8B9ED0BD83B172E	receipt-resource-exact	63
NominalWPPReplayChunk011Compact001Part005	NominalWPPReplayChunk011Compact001Part005.lean	10B0D0CFF69596A8DFE889BF28079C099BE81D4E53EA7EFA4FF54774547742A8	receipt-resource-exact	63
NominalWPPReplayChunk011Compact001Part006	NominalWPPReplayChunk011Compact001Part006.lean	12B8D24228690A376BE839CC86A812CBFCF70E2BD43E5815AC94BD35986F1A60	receipt-resource-exact	63
NominalWPPReplayChunk011Compact001Part007	NominalWPPReplayChunk011Compact001Part007.lean	E2F9E91FBC4033C381D16BFD5A5BAEC7BD602F9F283F03C10AEBF32E9AACC88C	receipt-resource-exact	63
NominalWPPReplayChunk011Compact001Part008	NominalWPPReplayChunk011Compact001Part008.lean	7C7E2895754114C07C489A1FAC223997DA1EEFED60D09978CD3CBD11B09264F4	receipt-resource-exact	63
NominalWPPReplayChunk011Compact001Part009	NominalWPPReplayChunk011Compact001Part009.lean	236AB2C43B1D09F21E24B0F73A54070398538C0A88EBF4B48E0036CDFB9C9C6B	receipt-resource-exact	63
NominalWPPReplayChunk011Compact001Part010	NominalWPPReplayChunk011Compact001Part010.lean	9DFA9249EC303A131F71359D07E788407B241C5562EBF5032CA346D3757BE57F	receipt-resource-exact	63
NominalWPPReplayChunk011Compact001Part011	NominalWPPReplayChunk011Compact001Part011.lean	1272ED6EF2B6CE2F9F752261147193F57D6ACD269A4D5AA492AF40482B634D11	receipt-resource-exact	63
NominalWPPReplayChunk011Compact001Part012	NominalWPPReplayChunk011Compact001Part012.lean	19DDC54E9D670F4FB6B83136DF9363C00241E58AF9AC2267294FA4383819AA63	receipt-resource-exact	63
NominalWPPReplayChunk011Compact001Part013	NominalWPPReplayChunk011Compact001Part013.lean	EA78E32BFCD640760F0609C1F569CDAA800824C6262EC60FC4BA801DB6C1C5A5	receipt-resource-exact	63
NominalWPPReplayChunk011Compact001Part014	NominalWPPReplayChunk011Compact001Part014.lean	1C50A8C259C7B572D404A983647CC386D0F4359605DECC292217ECA3B1DC2606	receipt-resource-exact	63
NominalWPPReplayChunk011Compact001Part015	NominalWPPReplayChunk011Compact001Part015.lean	E29AA887922C81D83256060FC1EC946EACB5001EBD91E6DACCEA39E18ED133F2	receipt-resource-exact	63
NominalWPPReplayChunk011Compact001Part016	NominalWPPReplayChunk011Compact001Part016.lean	2A9980C8FE42C47446C42E456B3FA7634546CDBA8F4DC96152BAC4DA9DA75550	receipt-resource-exact	63
NominalWPPReplayChunk012ACompact002	NominalWPPReplayChunk012ACompact002.lean	D2E0B4743639198B6C629479AC3CF1C38E2A18E31B12D4F93C8D72633034037D	receipt-resource-exact	3
NominalWPPReplayChunk012ACompact002Part001	NominalWPPReplayChunk012ACompact002Part001.lean	3FEF4FFDB827322182D696E1077415222CD2DF6ECA69B218704147A0B97E644D	receipt-resource-exact	64
NominalWPPReplayChunk012ACompact002Part002	NominalWPPReplayChunk012ACompact002Part002.lean	1E45ED0D46AD18224F41338BEFB22E10B1B8F893B1986FB25EB18C13F96938FA	receipt-resource-exact	64
NominalWPPReplayChunk012ACompact002Part003	NominalWPPReplayChunk012ACompact002Part003.lean	CA89F49A87B8E983AC7E8A27A5C7D8A554CA8FC4B5B1D06F3165CCE67F679EC5	receipt-resource-exact	64
NominalWPPReplayChunk012ACompact002Part004	NominalWPPReplayChunk012ACompact002Part004.lean	EBF00528F4062E90C7093F69EC85BD3F1EFC69AC37C8DCA388004D2628664017	receipt-resource-exact	64
NominalWPPReplayChunk012ACompact002Part005	NominalWPPReplayChunk012ACompact002Part005.lean	D9345C08D1EFB4F80CDCA20E45D5D824896AAEF16596FC0038E1FEF0B5446AF4	receipt-resource-exact	64
NominalWPPReplayChunk012ACompact002Part006	NominalWPPReplayChunk012ACompact002Part006.lean	7064C8F6E1D47C2604C29155A417F394135B9A210C09E9F6355FE19ED33ACD2A	receipt-resource-exact	64
NominalWPPReplayChunk012ACompact002Part007	NominalWPPReplayChunk012ACompact002Part007.lean	C7DEB11C59D681D13507B93431032B66C70D41BC6030FE2D54BB508A4206009D	receipt-resource-exact	64
NominalWPPReplayChunk012BCompact001	NominalWPPReplayChunk012BCompact001.lean	00B2814956075B4291EAB17313996E9B6E45A43F8BC23CBC6C3D6EF64C197F06	receipt-resource-exact	3
NominalWPPReplayChunk012BCompact001Part001	NominalWPPReplayChunk012BCompact001Part001.lean	5978DB9DC239554071A54150726CC48FABE8BDF7E90D0423BDEF9F35A98FFEBF	receipt-resource-exact	112
NominalWPPReplayChunk012BCompact001Part002	NominalWPPReplayChunk012BCompact001Part002.lean	3E6FEB6F22DBCFDC8E5BA1D2A5D8E20AE3CBA3A0AF4D0513B85311C3EFC5229C	receipt-resource-exact	112
NominalWPPReplayChunk012BCompact001Part003	NominalWPPReplayChunk012BCompact001Part003.lean	831D7A0D1DE1AE93F7E7638514A6B29EB1BBE552D76F4490B01A605134A67776	receipt-resource-exact	112
NominalWPPReplayChunk012BCompact001Part004	NominalWPPReplayChunk012BCompact001Part004.lean	576F9E4A3AD3EEDD1D9086F175D317D3511E30F8BD45507147770263D0B88416	receipt-resource-exact	112
NominalWPPReplayChunk012BCompact001Part005	NominalWPPReplayChunk012BCompact001Part005.lean	B8E49DB85A06FD3B4F21B14CF7C3F0A4201FE9A1641D8B11D669A2AF25B41DFD	receipt-resource-exact	112
NominalWPPReplayChunk012BCompact001Part006	NominalWPPReplayChunk012BCompact001Part006.lean	2517860B82A3F5385BCFAC6083D47CA947F9DECE9CED768ED355B80FEE775283	receipt-resource-exact	112
NominalWPPReplayChunk012BCompact001Part007	NominalWPPReplayChunk012BCompact001Part007.lean	C31BC38956093BF3F2F38B251B8DAEF692D55D83FAE6235C69E8BF4D162CCB7C	receipt-resource-exact	112
NominalWPPReplayChunk012BCompact001Part008	NominalWPPReplayChunk012BCompact001Part008.lean	4A137C97E946927EC57CEAC33AD8C63D18D07E20F19853933924C9E97DB5F1DB	receipt-resource-exact	112
NominalWPPReplayChunk012BCompact001Part009	NominalWPPReplayChunk012BCompact001Part009.lean	85A7556A4A9B0410C01F7BD14325FFEC52E42CBCD7D6A444268836A9F8FF3139	receipt-resource-exact	112
NominalWPPReplayChunk012BCompact001Part010	NominalWPPReplayChunk012BCompact001Part010.lean	F9431F1D08F20C04FFCE5E8244362FA9A3564F0C287B77A7923EDF1EEEF928E5	receipt-resource-exact	112
NominalWPPReplayChunk012BCompact001Part011	NominalWPPReplayChunk012BCompact001Part011.lean	8E91BBAD6A9B4D4CA755EE3F4F04BDA74C9A1AD02AAE35BF4AA676A1E677E3AF	receipt-resource-exact	112
NominalWPPReplayChunk012BCompact001Part012	NominalWPPReplayChunk012BCompact001Part012.lean	DAC46394E5606ABEBC4D539889B3DC9EAC196F8B7FA2ABDADF01A4C5455C59F0	receipt-resource-exact	112
NominalWPPReplayChunk012BCompact001Part013	NominalWPPReplayChunk012BCompact001Part013.lean	2E11A727914297B182A9D9DEF89DEFD4ED68B4C2366FCA662EDBF3DEE481DC17	receipt-resource-exact	112
NominalWPPReplayChunk012BCompact001Part014	NominalWPPReplayChunk012BCompact001Part014.lean	808FA21839A83DA4373F58D9F795B9AC980B395FBDC6A87E55F4E6834EEE3282	receipt-resource-exact	112
NominalWPPReplayChunk012BCompact001Part015	NominalWPPReplayChunk012BCompact001Part015.lean	4CA493A7C774B186E000A80425B2575875FBC7EA38A67BB33153588F7BACFB0E	receipt-resource-exact	112
NominalWPPReplayChunk012BCompact001Part016	NominalWPPReplayChunk012BCompact001Part016.lean	1E6A0548CAC16C4CB14F0857BD3D6B199651D482B6128C75E3C6706E70DB2C05	receipt-resource-exact	112
NominalWPPReplayChunk012BCompact001Part017	NominalWPPReplayChunk012BCompact001Part017.lean	91951A03CDE265FDF9D0CE263C22BFEEF4607E9B806A67C1834809BBC6D47FB7	receipt-resource-exact	112
NominalWPPReplayChunk012BCompact001Part018	NominalWPPReplayChunk012BCompact001Part018.lean	0BCCD583EDCDD2E0E767FC1C8FB983936BDC823C0E808CBC30FFD204C8546332	receipt-resource-exact	112
NominalWPPReplayChunk012BCompact001Part019	NominalWPPReplayChunk012BCompact001Part019.lean	5C3E420C98565E2CFCDD0569D7351CE8BF52EC227C47CEE0AD8A1564F8DE33C5	receipt-resource-exact	112
NominalWPPReplayChunk012BCompact001Part020	NominalWPPReplayChunk012BCompact001Part020.lean	9385EF2741276E7BDC4515938BEDE6CD1D9B04D4E3DD32273D21D02D2335B8BC	receipt-resource-exact	112
NominalWPPReplayChunk012BCompact001Part021	NominalWPPReplayChunk012BCompact001Part021.lean	62822F9126F6259D6C9465C85080DB453E0E5E72D515B5A78A8A1B7CA6CF2E99	receipt-resource-exact	112
NominalWPPReplayChunk012BCompact001Part022	NominalWPPReplayChunk012BCompact001Part022.lean	D8F529DA0CFF560B0D934C4ACD75308B17F2B8FACF4879D867BE33C255BCAA0C	receipt-resource-exact	112
NominalWPPReplayChunk012BCompact001Part023	NominalWPPReplayChunk012BCompact001Part023.lean	7B849BAC44B79781CB682A0856B35C2BB3BAC87BE10044058AD105546D412C41	receipt-resource-exact	112
NominalWPPReplayChunk012BCompact001Part024	NominalWPPReplayChunk012BCompact001Part024.lean	6D3F0B5CEB1A353625B6BD88D19ADE53BC0A8D96DA3F7B8B04FA7564692D58B1	receipt-resource-exact	112
NominalWPPReplayChunk012BCompact001Part025	NominalWPPReplayChunk012BCompact001Part025.lean	3A1A37AC11F2E925B6E271A9E3BC0FC8A25D4D17A36376B45F2FCBB1FA7D4176	receipt-resource-exact	112
NominalWPPReplayChunk012BCompact001Part026	NominalWPPReplayChunk012BCompact001Part026.lean	C4CD22F2C7EFF8E2C7B78AB5DF810CCEDCA63410147468E2E2CEB1FC88C00C97	receipt-resource-exact	112
NominalWPPReplayChunk012BCompact001Part027	NominalWPPReplayChunk012BCompact001Part027.lean	5D06FCF17E3ED2EE30A5522845CF3FBEFA1E95F680229B3B24745B77E5DDC0E2	receipt-resource-exact	112
NominalWPPReplayChunk012BCompact001Part028	NominalWPPReplayChunk012BCompact001Part028.lean	8176BF581007C7D258FAA1FE854BCA117249C05A12F500E18D61781046D61CFD	receipt-resource-exact	112
NominalWPPReplayChunk012BCompact001Part029	NominalWPPReplayChunk012BCompact001Part029.lean	547864DD24221F5EAEC73170D431E36AF91E376931EDF0B02A4C2F0F564F3048	receipt-resource-exact	112
NominalWPPReplayChunk013Compact001	NominalWPPReplayChunk013Compact001.lean	776565BDAC764F310E54EA75E735CD2BE489DABFAB8BD39328486A4B57199BD6	receipt-resource-exact	3
NominalWPPReplayChunk013Compact001Part001	NominalWPPReplayChunk013Compact001Part001.lean	5A8490A4DBA35EA88C328472D0183495D88A37C175EC7E36FAF04277304F3C20	receipt-resource-exact	112
NominalWPPReplayChunk013Compact001Part002	NominalWPPReplayChunk013Compact001Part002.lean	15F846AF205C7669283BEDDFB09D78E313E973F35760CA91405FC241F22795F3	receipt-resource-exact	112
NominalWPPReplayChunk013Compact001Part003	NominalWPPReplayChunk013Compact001Part003.lean	C395E0FD288FC33581B640017C9897E8E8EB19808ED8FCFA1F7E2AC43FC04EEA	receipt-resource-exact	112
NominalWPPReplayChunk013Compact001Part004	NominalWPPReplayChunk013Compact001Part004.lean	EBFCCD88BB36DE3466D8D9A717B07AF9F8BFFA74169532817D9F3B271BCD1E06	receipt-resource-exact	112
NominalWPPReplayChunk013Compact001Part005	NominalWPPReplayChunk013Compact001Part005.lean	D85CDDF5D3BA07040FF485526A08C55995798560F52AB962782A50D533A2DB03	receipt-resource-exact	112
NominalWPPReplayChunk013Compact001Part006	NominalWPPReplayChunk013Compact001Part006.lean	3ABC61F0881CB72DA499877C1C8D884997F53D4EEA3FDCC941D27442D29B0DD2	receipt-resource-exact	112
NominalWPPReplayChunk013Compact001Part007	NominalWPPReplayChunk013Compact001Part007.lean	951393B4D66FC3937275FEDEF2E87BC1D51C7D2154311CE1D4A3C595E981350B	receipt-resource-exact	112
NominalWPPReplayChunk013Compact001Part008	NominalWPPReplayChunk013Compact001Part008.lean	A39B2BCB5159A961D7E718881C4B160942B79D3971E38C1877B53C267BC6AD60	receipt-resource-exact	112
NominalWPPReplayChunk013Compact001Part009	NominalWPPReplayChunk013Compact001Part009.lean	439A0148DC2C9057B2362C64BB35E2FC095273A552EC295942ABACF125B3C0BE	receipt-resource-exact	112
NominalWPPReplayChunk013Compact001Part010	NominalWPPReplayChunk013Compact001Part010.lean	090167A49842B465A274ED54DCEEB1E9F964B8E1EF41892E3E5C27B865768D69	receipt-resource-exact	112
NominalWPPReplayChunk013Compact001Part011	NominalWPPReplayChunk013Compact001Part011.lean	73CABA3989D88EBFC1F54261260A11F9FE85C7345AB98F2F2C894845533A34E8	receipt-resource-exact	112
NominalWPPReplayChunk013Compact001Part012	NominalWPPReplayChunk013Compact001Part012.lean	E91E16D7834A66EF4482A17933E1CF0C45EEB60DC433CC04F3E9BAF714E68F7B	receipt-resource-exact	112
NominalWPPReplayChunk013Compact001Part013	NominalWPPReplayChunk013Compact001Part013.lean	D9E4D31436F2FD48115194E4D43DAC18D88EBB52FBA927410F1890B9D1756C3B	receipt-resource-exact	112
NominalWPPReplayChunk013Compact001Part014	NominalWPPReplayChunk013Compact001Part014.lean	324CF0C5290AC0032F06AA2AF3081294A94D30AB737DAEC6E49BCE31E299B530	receipt-resource-exact	112
NominalWPPReplayChunk013Compact001Part015	NominalWPPReplayChunk013Compact001Part015.lean	707BC58E5A806C48E5C7EA95FE896E2231BB5E6EE373EAC4ACEDD5FC281DC2C6	receipt-resource-exact	112
NominalWPPReplayChunk013Compact001Part016	NominalWPPReplayChunk013Compact001Part016.lean	DD8C0228198D1F9FE43697B13A8ADDB832606EFAA015C90DF2D7E0A2975588C0	receipt-resource-exact	112
NominalWPPReplayChunk013Compact001Part017	NominalWPPReplayChunk013Compact001Part017.lean	E0ADD18FA18F3E933FAFEA565ADBD8B5432CA0F582E0B11E50F72D10C396CB57	receipt-resource-exact	112
NominalWPPReplayChunk013Compact001Part018	NominalWPPReplayChunk013Compact001Part018.lean	516E0AEEA76C9D5CB426EC0DD5BFEB6EC877A87204B8F252DF47B6B22CFA4697	receipt-resource-exact	112
NominalWPPReplayChunk013Compact001Part019	NominalWPPReplayChunk013Compact001Part019.lean	A2542040005DA4B2FB36DDE4D27029ABC49204541782B58B3C3076A5F540096C	receipt-resource-exact	112
NominalWPPReplayChunk013Compact001Part020	NominalWPPReplayChunk013Compact001Part020.lean	71C4DE36B71372E1EA395290A62F4DB6DA5951CC66BA2F685FDADAC42DA14B81	receipt-resource-exact	112
NominalWPPReplayChunk013Compact001Part021	NominalWPPReplayChunk013Compact001Part021.lean	5247D3466E3CB233FB9862566C454C5EBF3B0564C41DCA4D33F812B25240C2E8	receipt-resource-exact	112
NominalWPPReplayChunk013Compact001Part022	NominalWPPReplayChunk013Compact001Part022.lean	A1BA32F991D93AE89865D85D2736FB0D63CDB3589E9ECACEE21D7E7C537798F5	receipt-resource-exact	112
NominalWPPReplayChunk013Compact001Part023	NominalWPPReplayChunk013Compact001Part023.lean	7FB53578A78A1ED4C9F5ECCFB8BB1806DCA79E69D497828C29B904ADACE8F35E	receipt-resource-exact	112
NominalWPPReplayChunk013Compact001Part024	NominalWPPReplayChunk013Compact001Part024.lean	3D46EFF27AF0841210253E10A6F2E7C9CA949B8675C717FD261173B7EC5DED44	receipt-resource-exact	112
NominalWPPReplayChunk013Compact001Part025	NominalWPPReplayChunk013Compact001Part025.lean	F76142397AC1281B174EB809DF0D5981064A7BE87ADCA9C0F9D4D415B551B0A7	receipt-resource-exact	112
NominalWPPReplayChunk013Compact001Part026	NominalWPPReplayChunk013Compact001Part026.lean	81F86350C803FC02BC50F658FEEB40DD560761C0D33E2E50591A8306BF78DF27	receipt-resource-exact	112
NominalWPPReplayChunk013Compact001Part027	NominalWPPReplayChunk013Compact001Part027.lean	02439CC086A2BFF092B10654172745E1170CD6D837AB918E25AAED7EF5535856	receipt-resource-exact	112
NominalWPPReplayChunk013Compact001Part028	NominalWPPReplayChunk013Compact001Part028.lean	84A314E4CFF03231DD34792AF72150D76C78F23C2A519BF9083A44AB6ED4CCD0	receipt-resource-exact	112
NominalWPPReplayChunk013Compact001Part029	NominalWPPReplayChunk013Compact001Part029.lean	C9F4E4DAAE308BA3D6D7E636D545D4D1A5A180013D20EF8C136910B0F70EDE41	receipt-resource-exact	112
NominalWPPReplayChunk013Compact001Part030	NominalWPPReplayChunk013Compact001Part030.lean	7F1F66727C3F42B94C007662F97410E936D93C6990686CC563C83F8D52EFB492	receipt-resource-exact	112
NominalWPPReplayChunk013Compact001Part031	NominalWPPReplayChunk013Compact001Part031.lean	273A9701BB179A03D96DDE9D61CFDCF5A7A8FD67D941D4939D4B52CADAD14DBE	receipt-resource-exact	112
NominalWPPReplayChunk013Compact001Part032	NominalWPPReplayChunk013Compact001Part032.lean	40ADE0E88FE9D852E506AA3B14D071C72BC0241D2345E60A37BD2D1FA0DE7DFD	receipt-resource-exact	112
NominalWPPReplayChunk013Compact001Part033	NominalWPPReplayChunk013Compact001Part033.lean	C1458D8953FCC7C4C26FF1F3EB27C94E1BA1969D9A14B7C9E486999FE7CAED92	receipt-resource-exact	112
NominalWPPReplayChunk013Compact001Part034	NominalWPPReplayChunk013Compact001Part034.lean	7CB7AB0816C1CD57A68CBBF0AEFD18DD2DF3FEEC7E3FCE8753806089701B0AFC	receipt-resource-exact	112
NominalWPPReplayChunk013Compact001Part035	NominalWPPReplayChunk013Compact001Part035.lean	ED90D0A2B86EB2ACA57B47ED1D7D4F79CF0FC21C8281FC17DA1C5E7F5746A4F3	receipt-resource-exact	112
NominalWPPReplayChunk013Compact001Part036	NominalWPPReplayChunk013Compact001Part036.lean	70305C433948F53CF2CCE67922A29DC75D6E76EE952F5F1CBDFA8FF30D80C1A3	receipt-resource-exact	112
NominalWPPReplayChunk013Compact001Part037	NominalWPPReplayChunk013Compact001Part037.lean	AA0B87DC8D2758E46287E4B5901F4F26B5761DF2281E4C22ADA08AC97D79F1D0	receipt-resource-exact	112
NominalWPPReplayChunk013Compact001Part038	NominalWPPReplayChunk013Compact001Part038.lean	C93A3ECC69E07AEAC8F6E7603DFA43CF0DA8A6C80EDB613022C320D1DF4F1EB7	receipt-resource-exact	112
NominalWPPReplayChunk013Compact001Part039	NominalWPPReplayChunk013Compact001Part039.lean	10DCCCBE5B1DAC082AD0E33982ABCF83061047C9BDEED02B962CF66BD40414DE	receipt-resource-exact	112
NominalWPPReplayChunk013Compact001Part040	NominalWPPReplayChunk013Compact001Part040.lean	BD7B238665D1B7D216A0B8393BBE7CADB6F9D6B9B42F4EA04262702FA2E52C34	receipt-resource-exact	112
NominalWPPReplayChunk013Compact001Part041	NominalWPPReplayChunk013Compact001Part041.lean	34DF4A1B757A01E1042B1F7D11409D20E71B1732E0BBD4FBC1127AB0BD42A1FD	receipt-resource-exact	112
NominalWPPReplayChunk013Compact001Part042	NominalWPPReplayChunk013Compact001Part042.lean	91F2365515821EDBD230A417A54D89B35EC0F1631AEFC42ABEB2BB23F75C5C44	receipt-resource-exact	112
NominalWPPReplayChunk013Compact001Part043	NominalWPPReplayChunk013Compact001Part043.lean	DC747403E6271337FBE1B266FDFF8499FCBA17244700C1BBDAD94516CABAF21B	receipt-resource-exact	112
NominalWPPReplayChunk013Compact001Part044	NominalWPPReplayChunk013Compact001Part044.lean	E914541A30B310B1B2FF0FEB7760A148426EADA6382934297BA1114393712991	receipt-resource-exact	112
NominalWPPReplayChunk013Compact001Part045	NominalWPPReplayChunk013Compact001Part045.lean	4DC9474D05A72F021139C2B3121D4B77B9DCB99524ADB123E231B2F6D153E37A	receipt-resource-exact	112
NominalWPPReplayChunk013Compact001Part046	NominalWPPReplayChunk013Compact001Part046.lean	BBBDE9B49E2D0A61229E232A0FE3B69B18DA92AA9524D78BF4C5AF5E81B7D055	receipt-resource-exact	112
NominalWPPReplayChunk013Compact001Part047	NominalWPPReplayChunk013Compact001Part047.lean	E2585845EF087E88E636A1C6491BA9F49BC783620EBE8CDDE8126F42C4785008	receipt-resource-exact	112
NominalWPPReplayChunk013Compact001Part048	NominalWPPReplayChunk013Compact001Part048.lean	ACF94C8AC6DA9F7EF8230B7FDC8ED832C390983359B302870306A55254733954	receipt-resource-exact	112
NominalWPPReplayChunk013Compact001Part049	NominalWPPReplayChunk013Compact001Part049.lean	E12C0D6CBBDC9D30F7B5A0F0593626B7C455B9FF02519FC8FD9D5C30734656DB	receipt-resource-exact	112
NominalWPPReplayChunk013Compact001Part050	NominalWPPReplayChunk013Compact001Part050.lean	EDE3EDE5605CCB85CCEBFC7D3666805BC57B923D676727C282C678F0DCE548D3	receipt-resource-exact	112
NominalWPPReplayChunk013Compact001Part051	NominalWPPReplayChunk013Compact001Part051.lean	41DD19FE2E4843A656B839EAC01A73CBBAF5497F27F7E32D7C8397A2E25E7C66	receipt-resource-exact	112
NominalWPPReplayChunk013Compact001Part052	NominalWPPReplayChunk013Compact001Part052.lean	2A33702356CDBDD60D158254984E4E31768D3ADC71D64EBBD88032C92DA60F24	receipt-resource-exact	112
NominalWPPReplayChunk013Compact001Part053	NominalWPPReplayChunk013Compact001Part053.lean	77E401F1A1F82B0873EEF987E4E68F271113F6370DC35E076756F13C6EF2FE67	receipt-resource-exact	112
NominalWPPReplayChunk013Compact001Part054	NominalWPPReplayChunk013Compact001Part054.lean	0ADB6CA1B06D7FA1A4D74E5E1EC3427E02E138202BCE4194FB823995B42973B0	receipt-resource-exact	112
NominalWPPReplayChunk013Compact001Part055	NominalWPPReplayChunk013Compact001Part055.lean	F80C6014A55F663E24AA4263417505DDD1DB336774651ABAAF649BA7196820E2	receipt-resource-exact	112
NominalWPPReplayChunk013Compact001Part056	NominalWPPReplayChunk013Compact001Part056.lean	3871F3AB01A258F32379DD61F5283E520208AE7E4E9A8885B26EEA1CE475645E	receipt-resource-exact	112
NominalWPPReplayChunk013Compact001Part057	NominalWPPReplayChunk013Compact001Part057.lean	5298DED59D0795BCB7D31650AAA33504702266D455E5C57E0B81324336749338	receipt-resource-exact	112
NominalWPPReplayChunk013Compact001Part058	NominalWPPReplayChunk013Compact001Part058.lean	9045E04B44813CC4CDE3D5AF5A81B2D7E5DF3810F064A04C98CF15A56AD02877	receipt-resource-exact	112
NominalWPPReplayChunk013Compact001Part059	NominalWPPReplayChunk013Compact001Part059.lean	CEA7D222217E58925AA4B071A1D29F730B847308998BC22AE4A1BD503340CA08	receipt-resource-exact	112
NominalWPPReplayChunk013Compact001Part060	NominalWPPReplayChunk013Compact001Part060.lean	78DFB8848445499053C78AF0BEF4D57D1F30DE5A6442C5335979184B726701F0	receipt-resource-exact	112
NominalWPPReplayChunk013Compact001Part061	NominalWPPReplayChunk013Compact001Part061.lean	5CEE42105B526592F834F728B3A2518BB93029BDA269791B71E2B61AE80D8AAF	receipt-resource-exact	112
NominalWPPReplayChunk013Compact001Part062	NominalWPPReplayChunk013Compact001Part062.lean	BBF55FCB6E3C9CA6010B56EA15F327F46463283EBBB0B6FD270DEA6E36933B2B	receipt-resource-exact	112
NominalWPPReplayChunk013Compact001Part063	NominalWPPReplayChunk013Compact001Part063.lean	1D49FD5BB1C948F7C9DE66F2513B08F1CE084027C5C9B2708F6533373309E510	receipt-resource-exact	112
NominalWPPReplayChunk013Compact001Part064	NominalWPPReplayChunk013Compact001Part064.lean	B4858A2B7AF2995EBEFEEDC368C42058F0093C1FE0BF8665BE5DC175FCD13466	receipt-resource-exact	112
NominalWPPReplayChunk013Compact001Part065	NominalWPPReplayChunk013Compact001Part065.lean	EFC0005904C6E5B25D49CF777CE84E5E7D111EC2D33C68415727B146CE86CC3C	receipt-resource-exact	112
NominalWPPReplayChunk013Compact001Part066	NominalWPPReplayChunk013Compact001Part066.lean	E366DB13ADA21D00F53A057873DB7DB6BDABE6891429262D6409394883299A87	receipt-resource-exact	112
NominalWPPReplayChunk014Compact001	NominalWPPReplayChunk014Compact001.lean	EB893A496F306949DCD5D51952A61845331E67F21789692771545A28C225DDEF	receipt-resource-exact	3
NominalWPPReplayChunk014Compact001Part001	NominalWPPReplayChunk014Compact001Part001.lean	AD2DC5B13595C54F78A927D373679C45063DF0204B601FF7D094D552376C7EF4	receipt-resource-exact	112
NominalWPPReplayChunk014Compact001Part002	NominalWPPReplayChunk014Compact001Part002.lean	A2D027369628E37838954FB7157CB73BE43BA0D4D3DF32BD7C1ACFA633C3D376	receipt-resource-exact	112
NominalWPPReplayChunk014Compact001Part003	NominalWPPReplayChunk014Compact001Part003.lean	4D9A1175B7D228AD2A082D7EF92E5224C4F66FBF612B03DE40199F42059701AC	receipt-resource-exact	112
NominalWPPReplayChunk014Compact001Part004	NominalWPPReplayChunk014Compact001Part004.lean	00D587541DF9E231E29973AB062D5E4192D4ACECA95DF8D6B3D7F4E1B8DBFF58	receipt-resource-exact	112
NominalWPPReplayChunk014Compact001Part005	NominalWPPReplayChunk014Compact001Part005.lean	CE12C016AE08F2BD266994AF9414FB0D6FBDCD77D07A8E3AA4CF4DF87DE58A6D	receipt-resource-exact	112
NominalWPPReplayChunk014Compact001Part006	NominalWPPReplayChunk014Compact001Part006.lean	FF0CA76BF2BF108E83930E35BAAC59E61BBB9D7B107D9D1915B590B2F074392B	receipt-resource-exact	112
NominalWPPReplayChunk014Compact001Part007	NominalWPPReplayChunk014Compact001Part007.lean	188C500F690CB700920A66AEABE7F271EE9D6F9361C4B1F4B225673293B3272A	receipt-resource-exact	112
NominalWPPReplayChunk014Compact001Part008	NominalWPPReplayChunk014Compact001Part008.lean	89B0494D47112C09F705A2F7EED84C57D744E6EF0F8A02FB14BB3C7A166FBA64	receipt-resource-exact	112
NominalWPPReplayChunk014Compact001Part009	NominalWPPReplayChunk014Compact001Part009.lean	0A8247745ADCEA836C62D816142CC480EDDAFBA406A5D2BAF5CFCFB12A2A6ECE	receipt-resource-exact	112
NominalWPPReplayChunk014Compact001Part010	NominalWPPReplayChunk014Compact001Part010.lean	B4D8771796339E3955E792056D8155916467FA42F6CBC6BAB45CFE818E5F5AE3	receipt-resource-exact	112
NominalWPPReplayChunk014Compact001Part011	NominalWPPReplayChunk014Compact001Part011.lean	101E866625B894D92A119ECA23901D308652CAF6512A59EB3AD36EF2F0A22BD9	receipt-resource-exact	112
NominalWPPReplayChunk014Compact001Part012	NominalWPPReplayChunk014Compact001Part012.lean	7D0E1C92D1251BCA1E579E3643F6E1AB00A336280FA41782DC202D8FB1BF683D	receipt-resource-exact	112
NominalWPPReplayChunk014Compact001Part013	NominalWPPReplayChunk014Compact001Part013.lean	A0CCDE905A1E34260669683C0FB9C5A3A152265BF7608BA52BF0781EDE4D21AF	receipt-resource-exact	112
NominalWPPReplayChunk014Compact001Part014	NominalWPPReplayChunk014Compact001Part014.lean	647BE31B0FA673D8647D0B232E9816571EAF32719ACD447737066FEE44DDB72E	receipt-resource-exact	112
NominalWPPReplayChunk014Compact001Part015	NominalWPPReplayChunk014Compact001Part015.lean	EE36E7DC9D7075DC00ECE7387BFDD66864C8528DE400000920286FC4ECBD571C	receipt-resource-exact	112
NominalWPPReplayChunk014Compact001Part016	NominalWPPReplayChunk014Compact001Part016.lean	98F927E80ECDED420A11989937071AFB597E0AF84398BC19D060798833607B64	receipt-resource-exact	112
NominalWPPReplayChunk014Compact001Part017	NominalWPPReplayChunk014Compact001Part017.lean	416BAB9C48A20D09352F157AA4FC51121C2EFE3DA24E4A77A9E7206FF89C6959	receipt-resource-exact	112
NominalWPPReplayChunk014Compact001Part018	NominalWPPReplayChunk014Compact001Part018.lean	31DE8C2E2ED224CEA0DFDDBAFB162992B45C6E8EB5760264D53FB56B8DAA25C7	receipt-resource-exact	112
NominalWPPReplayChunk014Compact001Part019	NominalWPPReplayChunk014Compact001Part019.lean	DB2C128A0BE14C14E79C53FC53E3673DAAA8A5C2622B7E4864FEDF0EA9810116	receipt-resource-exact	112
NominalWPPReplayChunk014Compact001Part020	NominalWPPReplayChunk014Compact001Part020.lean	433983A987B39EBD3EBB249656EB51C15D22062B6726FD829911074B017AA21E	receipt-resource-exact	112
NominalWPPReplayChunk014Compact001Part021	NominalWPPReplayChunk014Compact001Part021.lean	0734F6BE054137E2787E8F9331512ED30868499954E8F5B7073BE1D73EADA13F	receipt-resource-exact	112
NominalWPPReplayChunk014Compact001Part022	NominalWPPReplayChunk014Compact001Part022.lean	80B29C4087F90D202989FA3ED3913564332A4B71B950696F29DAAD3E35A0776E	receipt-resource-exact	112
NominalWPPReplayChunk014Compact001Part023	NominalWPPReplayChunk014Compact001Part023.lean	A99BD3E90776C4BA475F5F815D5F198D1676D4BA334F82A5D7543AD7D976B477	receipt-resource-exact	112
NominalWPPReplayChunk014Compact001Part024	NominalWPPReplayChunk014Compact001Part024.lean	0D70322483E04BCC76BEC8D6AACDE84A474758D0D5823ECE426CA0177FC758C2	receipt-resource-exact	112
NominalWPPReplayChunk014Compact001Part025	NominalWPPReplayChunk014Compact001Part025.lean	19C12C7AB9BCEF7151FD83F06591F04A565E4593BAC90CAF13248BA0B81310F1	receipt-resource-exact	112
NominalWPPReplayChunk014Compact001Part026	NominalWPPReplayChunk014Compact001Part026.lean	5A2F648C41A67CC28B7785A0DEDF49DF0E01B4EC80EE1179EBD4752EC89B869D	receipt-resource-exact	112
NominalWPPReplayChunk014Compact001Part027	NominalWPPReplayChunk014Compact001Part027.lean	79A25A980D744A39E254E04C7E35AB80309B79C199BF4D12D22B44C5CDCEEEBA	receipt-resource-exact	112
NominalWPPReplayChunk014Compact001Part028	NominalWPPReplayChunk014Compact001Part028.lean	449CCCBA3F23F22650D76BA89CC6CCDE48CA66B35014A72FCC9E58E3E7EFA0A9	receipt-resource-exact	112
NominalWPPReplayChunk014Compact001Part029	NominalWPPReplayChunk014Compact001Part029.lean	97DD6691FF1430DD036869F862A3BE7513B76A35EACADEFF742B81136675D8B9	receipt-resource-exact	112
NominalWPPReplayChunk014Compact001Part030	NominalWPPReplayChunk014Compact001Part030.lean	856B03A8E06422803687B25B8C6BE508A0135F624EBB2982E7166AAABCC0DAA6	receipt-resource-exact	112
NominalWPPReplayChunk014Compact001Part031	NominalWPPReplayChunk014Compact001Part031.lean	879B34C6E4130A799CD54767D02C155309463BDB45C99804C2DB736094237DEE	receipt-resource-exact	112
NominalWPPReplayChunk014Compact001Part032	NominalWPPReplayChunk014Compact001Part032.lean	8D4F7B757D2F01F40D93A25EEDE34175D1F315C05B4F1E348362A40A4401D0FE	receipt-resource-exact	112
NominalWPPReplayChunk014Compact001Part033	NominalWPPReplayChunk014Compact001Part033.lean	7589CA03C13754797C1AD0E0C358F3AC7B77B2EF2915863E671475A26C046B61	receipt-resource-exact	112
NominalWPPReplayChunk014Compact001Part034	NominalWPPReplayChunk014Compact001Part034.lean	91ACC45EC5B4DE69BBFD89451A026B117DB1299E706DBA2FA8E733D87D8E36A4	receipt-resource-exact	112
NominalWPPReplayChunk014Compact001Part035	NominalWPPReplayChunk014Compact001Part035.lean	905716AC39FC639A17B78DD1479081809480E7EE9FE548E2FF15D5D72AB07D37	receipt-resource-exact	112
NominalWPPReplayChunk014Compact001Part036	NominalWPPReplayChunk014Compact001Part036.lean	E26DCC722289C00DF3F7530DAF2CE2E77B75759366047EAF6E185056EFFCB650	receipt-resource-exact	112
NominalWPPReplayChunk014Compact001Part037	NominalWPPReplayChunk014Compact001Part037.lean	16AA3541BCC9BD8ABAF9240F86C231367E9C33ED90E9920388260C519B9F627E	receipt-resource-exact	112
NominalWPPReplayChunk014Compact001Part038	NominalWPPReplayChunk014Compact001Part038.lean	85BBB8B1F08B5765ED60302E57FDACBD92B18278E8753043DD68D0DA73D49CE5	receipt-resource-exact	112
NominalWPPReplayChunk014Compact001Part039	NominalWPPReplayChunk014Compact001Part039.lean	F6109E6C0088627D670385E60431B61979BF1B7EF1C24572CCA06011C6DA862B	receipt-resource-exact	112
NominalWPPReplayChunk014Compact001Part040	NominalWPPReplayChunk014Compact001Part040.lean	82DDA2B5710DF95D5B2E60C70A12238A0594C3FE0AA4F43A65F38528711732AE	receipt-resource-exact	112
NominalWPPReplayChunk014Compact001Part041	NominalWPPReplayChunk014Compact001Part041.lean	F428EC8910123B9DB7CDBA89AFA388027721207EED446B13A82B180BA6ADD091	receipt-resource-exact	112
NominalWPPReplayChunk014Compact001Part042	NominalWPPReplayChunk014Compact001Part042.lean	9048D03FD438EAFD13B0BCB3FE06BC56224AC75CDF97B982AE9FC2D880E12880	receipt-resource-exact	112
NominalWPPReplayChunk014Compact001Part043	NominalWPPReplayChunk014Compact001Part043.lean	FA45B88EB61EFF71FF6AE20C43C75E31B45A2FFCF3ABF77ACD11C775B16DECCC	receipt-resource-exact	112
NominalWPPReplayChunk014Compact001Part044	NominalWPPReplayChunk014Compact001Part044.lean	1FCA6B056B8DECAD645D58EA4AA66C5A641245CEE1A781FE2537A163F96FE8E0	receipt-resource-exact	112
NominalWPPReplayChunk014Compact001Part045	NominalWPPReplayChunk014Compact001Part045.lean	10468D356156D8B4E6935311F9CEEB5B5119056FA4850CAA9EBA9790C74854D6	receipt-resource-exact	112
NominalWPPReplayChunk014Compact001Part046	NominalWPPReplayChunk014Compact001Part046.lean	C9C57E56E45F368B253480E2E2A53761BE945BBE51DBA5CA615BAA3CF09DCC2F	receipt-resource-exact	112
NominalWPPReplayChunk014Compact001Part047	NominalWPPReplayChunk014Compact001Part047.lean	65214E0CE5D37586174CD74838DF311745D5DB4149058C62581B3E49EF2BD4FB	receipt-resource-exact	112
NominalWPPReplayChunk014Compact001Part048	NominalWPPReplayChunk014Compact001Part048.lean	ABC24468659EF6BF31FFB4BA6BCE06C78594C81772621294CD26F1303724B7C8	receipt-resource-exact	112
NominalWPPReplayChunk014Compact001Part049	NominalWPPReplayChunk014Compact001Part049.lean	FD9A595FD9DDCFC6AB061D265025DDC14A8608060185BB2909BF076953381CD1	receipt-resource-exact	112
NominalWPPReplayChunk014Compact001Part050	NominalWPPReplayChunk014Compact001Part050.lean	6AD85746A6E8447EADAE0EBC72B02DE78F98440F09903A8BD3757A4AEBE2B80D	receipt-resource-exact	112
NominalWPPReplayChunk014Compact001Part051	NominalWPPReplayChunk014Compact001Part051.lean	8B3938F71F2D9113FBBE250046E8DBD28F65227310CA8918D9DE1A8F16F60888	receipt-resource-exact	112
NominalWPPReplayChunk014Compact001Part052	NominalWPPReplayChunk014Compact001Part052.lean	2C0A9925120CCD354FA4CD5A878280A9E87C8A36FEA5A9F0C8CE111B396C93A5	receipt-resource-exact	112
NominalWPPReplayChunk014Compact001Part053	NominalWPPReplayChunk014Compact001Part053.lean	B4E88DC7BC15F6D2D4949D82B09CA10C99769268965DCC1B863607B8C9F5A2AC	receipt-resource-exact	112
NominalWPPReplayChunk014Compact001Part054	NominalWPPReplayChunk014Compact001Part054.lean	304B2142D6CDD1374F2E5F7767995C2D8F3434AB7944547F0E1C3D2565F417DE	receipt-resource-exact	112
NominalWPPReplayChunk014Compact001Part055	NominalWPPReplayChunk014Compact001Part055.lean	94CD2951A1F4ED5C9E23CB935EAE0C6C9E8A3E3DDABCB778784A0BD497388BB6	receipt-resource-exact	112
NominalWPPReplayChunk014Compact001Part056	NominalWPPReplayChunk014Compact001Part056.lean	F777CC5312175620AABFBF2412C141F471E402781FF151686B45D736D38E5174	receipt-resource-exact	112
NominalWPPReplayChunk014Compact001Part057	NominalWPPReplayChunk014Compact001Part057.lean	B4C75B1080559C9743C0DEFD67CD4FDB5E2E65999374B0C304A9112747281BCD	receipt-resource-exact	112
NominalWPPReplayChunk014Compact001Part058	NominalWPPReplayChunk014Compact001Part058.lean	67F78788970A121052FF121BAFBAAA469BECEF5B354A888B7B18FFC321565276	receipt-resource-exact	112
NominalWPPReplayChunk014Compact001Part059	NominalWPPReplayChunk014Compact001Part059.lean	DDE69F438DFDC4F8BA0424265087B480063BCC13B7DD9B0D6CE70A615CF661EB	receipt-resource-exact	112
NominalWPPReplayChunk015Compact001	NominalWPPReplayChunk015Compact001.lean	681FEF62E68B8AF92C60BF5BDA10090CEF942A3E792F1346EBC563D967098E62	receipt-resource-exact	3
NominalWPPReplayChunk015Compact001Part001	NominalWPPReplayChunk015Compact001Part001.lean	D7888606CCE594B8D58C03CEA84F81876B5FA19304C6086C4E3808C7D166461A	receipt-resource-exact	112
NominalWPPReplayChunk015Compact001Part002	NominalWPPReplayChunk015Compact001Part002.lean	E560284FC1E08C915B9528085D428EB9E1BB3DA987B9E212791320F0E7DDD205	receipt-resource-exact	112
NominalWPPReplayChunk015Compact001Part003	NominalWPPReplayChunk015Compact001Part003.lean	D1E027E9DAB114E022301CE839B9522995969EB4C0365A02823292D078DFAAA0	receipt-resource-exact	112
NominalWPPReplayChunk015Compact001Part004	NominalWPPReplayChunk015Compact001Part004.lean	AC7B5B821995469092E598C258DD7A23DA34590ECDD6CDCA269BE8D8DFFA9C01	receipt-resource-exact	112
NominalWPPReplayChunk015Compact001Part005	NominalWPPReplayChunk015Compact001Part005.lean	6EE482ABCC6EFC957FD19EAA0CD895D8A67D44833C66ADF3CA0DE2DED47E9695	receipt-resource-exact	112
NominalWPPReplayChunk015Compact001Part006	NominalWPPReplayChunk015Compact001Part006.lean	3FC65B336B0B0FE22733ADF6CC1811EC7E5CDDCD4659476CFB1FC72D26916033	receipt-resource-exact	112
NominalWPPReplayChunk015Compact001Part007	NominalWPPReplayChunk015Compact001Part007.lean	20640A5FF7A538E93D4EB05BEA81FCCE48C1E6D9BA9303422AA55AA42FCF94F8	receipt-resource-exact	112
NominalWPPReplayChunk015Compact001Part008	NominalWPPReplayChunk015Compact001Part008.lean	4F8FAB1687E6C785949F9F132E6F39F0E38AF27CAD61974637E671D2A357C9DB	receipt-resource-exact	112
NominalWPPReplayChunk015Compact001Part009	NominalWPPReplayChunk015Compact001Part009.lean	30CC36484B237553ADF0C572B83C9C5A209D233CE0B3350E095969B8CA08486A	receipt-resource-exact	112
NominalWPPReplayChunk015Compact001Part010	NominalWPPReplayChunk015Compact001Part010.lean	446BC97A6EF0F1A1C7C56E44F4F2907CA48194A952F52F41688E043758BAB014	receipt-resource-exact	112
NominalWPPReplayChunk015Compact001Part011	NominalWPPReplayChunk015Compact001Part011.lean	44D9256EE02B0B17D8F9FC9F90FC77A9DB0726B3D952C6F8BC92FDCB9A7F2E63	receipt-resource-exact	112
NominalWPPReplayChunk015Compact001Part012	NominalWPPReplayChunk015Compact001Part012.lean	9AAFE1EACFBFB29EFA215D8D6B40F7F40591D1E8503149BF3C5429B9AAC7688F	receipt-resource-exact	112
NominalWPPReplayChunk015Compact001Part013	NominalWPPReplayChunk015Compact001Part013.lean	56B50C592827A3066B9075962F148DB2567AB13152471950686016913D844580	receipt-resource-exact	112
NominalWPPReplayChunk015Compact001Part014	NominalWPPReplayChunk015Compact001Part014.lean	66BAA1E0409BDD7E1549B552C29B36F80C4EF7A385CAAE306153614323A3BCF1	receipt-resource-exact	112
NominalWPPReplayChunk015Compact001Part015	NominalWPPReplayChunk015Compact001Part015.lean	CDB22C461798DB1E83CCD85C96FFDA04D84A4D347C3117F7DD7BEC020B1C331A	receipt-resource-exact	112
NominalWPPReplayChunk015Compact001Part016	NominalWPPReplayChunk015Compact001Part016.lean	56E6104850C08F2A83F24A0984B79870ECDEF316AF0E8BB627AB3392E5A0C8AE	receipt-resource-exact	112
NominalWPPReplayChunk015Compact001Part017	NominalWPPReplayChunk015Compact001Part017.lean	87F10020ABEF00863339E98BC21CA39923260E4A86C869779F42BC9416D528FB	receipt-resource-exact	112
NominalWPPReplayChunk015Compact001Part018	NominalWPPReplayChunk015Compact001Part018.lean	6FCF059F2E814347A3BE403F060819D2F4238709F4635E11376ED7D8A9A225B4	receipt-resource-exact	112
NominalWPPReplayChunk015Compact001Part019	NominalWPPReplayChunk015Compact001Part019.lean	61AEDFDD6711DFA3B742FDE05FB1879538FE684265C99FC327ADE651A3951E2D	receipt-resource-exact	112
NominalWPPReplayChunk015Compact001Part020	NominalWPPReplayChunk015Compact001Part020.lean	EC37D49997D0CDC59ED139E453B099A7AA7D8EC127CAD4ACEB066CCF5D2DE6BF	receipt-resource-exact	112
NominalWPPReplayChunk015Compact001Part021	NominalWPPReplayChunk015Compact001Part021.lean	C0FD99890282F40F8B3EB08BD133FD0EB8A486AB1C8208F567337E248EE8C367	receipt-resource-exact	112
NominalWPPReplayChunk015Compact001Part022	NominalWPPReplayChunk015Compact001Part022.lean	6335106799280A1E94DBF21BC72BF323CBB3AB9BFBA569E2DB52F993519E36C4	receipt-resource-exact	112
NominalWPPReplayChunk015Compact001Part023	NominalWPPReplayChunk015Compact001Part023.lean	130925AA3F4DA7278993F66AE2A5F46B957020F6131F6E36ABF1FB249E234238	receipt-resource-exact	112
NominalWPPReplayChunk015Compact001Part024	NominalWPPReplayChunk015Compact001Part024.lean	D4308DA5CE17FF045785CF3F2C4447B52E7476D4DA37122AA3DA70EA81B262C6	receipt-resource-exact	112
NominalWPPReplayChunk015Compact001Part025	NominalWPPReplayChunk015Compact001Part025.lean	A659CB9FB96025C6C8778A555B5C7B846FD2A99273E6E0ABCADCA064E7963B63	receipt-resource-exact	112
NominalWPPReplayChunk015Compact001Part026	NominalWPPReplayChunk015Compact001Part026.lean	1EF967C3CD3BD4D5F542D25A16465B5777676E705B72F6E6A02CAAD1A3188357	receipt-resource-exact	112
NominalWPPReplayChunk015Compact001Part027	NominalWPPReplayChunk015Compact001Part027.lean	6F3C0DC9722897999C2B1CD6FEEC672C9E8ADC62AF8D0BA291FA391BA036CEA6	receipt-resource-exact	112
NominalWPPReplayChunk015Compact001Part028	NominalWPPReplayChunk015Compact001Part028.lean	7044CAF127E046A3AC46149E4AEA438251B5A41E4E0E05BEE060F357F973D95B	receipt-resource-exact	112
NominalWPPReplayChunk015Compact001Part029	NominalWPPReplayChunk015Compact001Part029.lean	5FDBC1E4915F5C271F259CBB47B868B1D656AE28F74A17964BE65F53B494B00B	receipt-resource-exact	112
NominalWPPReplayChunk015Compact001Part030	NominalWPPReplayChunk015Compact001Part030.lean	E4C715285A0550F99360B725C7E03990738D6242DBA438AC0B9BFF8B17CF5FA2	receipt-resource-exact	112
NominalWPPReplayChunk015Compact001Part031	NominalWPPReplayChunk015Compact001Part031.lean	CA662FDDAA992AFDEB626586303A0A2066FEEBE3131BC3475D2EA1A12D27261D	receipt-resource-exact	112
NominalWPPReplayChunk015Compact001Part032	NominalWPPReplayChunk015Compact001Part032.lean	8667E8D6A5E8B0CA5AFDFDD991B2BCD55EE5D19897F624E2332023F3B5D2F421	receipt-resource-exact	112
NominalWPPReplayChunk015Compact001Part033	NominalWPPReplayChunk015Compact001Part033.lean	9E5CA43C9FF38888D00EC5B062922E5A152369FA1404E650B24A8A2D3799B0B4	receipt-resource-exact	112
NominalWPPReplayChunk015Compact001Part034	NominalWPPReplayChunk015Compact001Part034.lean	82CD8D8160B4A1063D0CB316E9BD994DB1D259BCC415ECB1667959E326E26F2B	receipt-resource-exact	112
NominalWPPReplayChunk015Compact001Part035	NominalWPPReplayChunk015Compact001Part035.lean	FF6A9CC5EDACE88F45ABCDA800D48A5D3E44086653F2F7D4B18828091143B271	receipt-resource-exact	112
NominalWPPReplayChunk015Compact001Part036	NominalWPPReplayChunk015Compact001Part036.lean	CEC3433A7FCF982C1F6BCDA8F780DE19F96EED5C79D2BCC63C38F9D6C1182210	receipt-resource-exact	112
NominalWPPReplayChunk015Compact001Part037	NominalWPPReplayChunk015Compact001Part037.lean	303088F27ECE696D2246D9456BF66CBB393A7D398F92524310FDB246A5ED968B	receipt-resource-exact	112
NominalWPPReplayChunk015Compact001Part038	NominalWPPReplayChunk015Compact001Part038.lean	B3A1903F572B9EC88A8E7BDA502DCD61ACBCD9CA6CD657E893F1CC2870A9090A	receipt-resource-exact	112
NominalWPPReplayChunk015Compact001Part039	NominalWPPReplayChunk015Compact001Part039.lean	695E57477332DF5249277F821DD7481AE435F084B87A1CF9B8C3B6571351B898	receipt-resource-exact	112
NominalWPPReplayChunk015Compact001Part040	NominalWPPReplayChunk015Compact001Part040.lean	CCC0930FE5575101C220A5A7B72388A7B32DC93D143D451854D342F07E81169C	receipt-resource-exact	112
NominalWPPReplayChunk015Compact001Part041	NominalWPPReplayChunk015Compact001Part041.lean	DE7DDACB85F970ABEB253EAF2467EF725C405551DFCEDD0D7E698054CEDF5224	receipt-resource-exact	112
NominalWPPReplayChunk015Compact001Part042	NominalWPPReplayChunk015Compact001Part042.lean	30EB9266EBECD625CF940909D42B73D30681012362AF9E1A7BA39442FF4E1C27	receipt-resource-exact	112
NominalWPPReplayChunk015Compact001Part043	NominalWPPReplayChunk015Compact001Part043.lean	3BF46370DB9A78EC164C089CCEB67A2FF50A0353C828CAC81D25FC2D685CDDF5	receipt-resource-exact	112
NominalWPPReplayChunk015Compact001Part044	NominalWPPReplayChunk015Compact001Part044.lean	A983D47E615957BFEBB450703604444A6A1B1B2D6C6D6AFBB08142F5FA5E1726	receipt-resource-exact	112
NominalWPPReplayChunk016Compact001	NominalWPPReplayChunk016Compact001.lean	D4E87059DC7C29930243453837E1499E58EEB326A4805D4D795966947CE2793C	receipt-resource-exact	3
NominalWPPReplayChunk016Compact001Part001	NominalWPPReplayChunk016Compact001Part001.lean	04C13559CB6A34E452BFC79D98B51D622087B99AF834F66AA47D883C5B0443DF	receipt-resource-exact	112
NominalWPPReplayChunk016Compact001Part002	NominalWPPReplayChunk016Compact001Part002.lean	700F73BD4E4DE8B7CFDE356931336DA98106573780BA36409C89F397DD323AE1	receipt-resource-exact	112
NominalWPPReplayChunk016Compact001Part003	NominalWPPReplayChunk016Compact001Part003.lean	018126F67829BC2E870F283EFC0557ABEFD9E5531A67F99460A7F802EC0D85D6	receipt-resource-exact	112
NominalWPPReplayChunk016Compact001Part004	NominalWPPReplayChunk016Compact001Part004.lean	8D2966526A7117FC5C64E4A1E2AD72A16A15614208669B01927C257097A61D6E	receipt-resource-exact	112
NominalWPPReplayChunk016Compact001Part005	NominalWPPReplayChunk016Compact001Part005.lean	8D3919D7968FB876AFB93D03BD6A8564BAD51783AFC394635FDB3B391BB1249F	receipt-resource-exact	112
NominalWPPReplayChunk016Compact001Part006	NominalWPPReplayChunk016Compact001Part006.lean	404C57B0913C0A11CD72552601887449135A10BD540323715D25BF784A48CC60	receipt-resource-exact	112
NominalWPPReplayChunk016Compact001Part007	NominalWPPReplayChunk016Compact001Part007.lean	0652C37FBB640ADACF35FEBA83164D06692EA44F7641B8A54FD702A8D5BA97A2	receipt-resource-exact	112
NominalWPPReplayChunk016Compact001Part008	NominalWPPReplayChunk016Compact001Part008.lean	97119716C988605C33F66C3944A90A531F2E2282C5C4D0BCB3C04EF7827A22BF	receipt-resource-exact	112
NominalWPPReplayChunk016Compact001Part009	NominalWPPReplayChunk016Compact001Part009.lean	B1C9B74AFF2EC7AFBF138E2287F716D0F14E7B163F47EF6132F16EA9C75CFF55	receipt-resource-exact	112
NominalWPPReplayChunk016Compact001Part010	NominalWPPReplayChunk016Compact001Part010.lean	A2A33C90F57B96877E5E7B7DF53289BFABC566C194F95D0978B7222DAFEE8262	receipt-resource-exact	112
NominalWPPReplayChunk016Compact001Part011	NominalWPPReplayChunk016Compact001Part011.lean	B89264E82388366A32F5655E54CE663EDB3DA7CF2EF85E82450FAF7011B1E261	receipt-resource-exact	112
NominalWPPReplayChunk016Compact001Part012	NominalWPPReplayChunk016Compact001Part012.lean	15D28554D705871520371A08F38A959726473408A93A76F6BD7771E4E3E30C70	receipt-resource-exact	112
NominalWPPReplayChunk016Compact001Part013	NominalWPPReplayChunk016Compact001Part013.lean	4C2E78ECF55C334D205DBD6CA920E31E184C33979110C6D07127BD15DE4F5A68	receipt-resource-exact	112
NominalWPPReplayChunk016Compact001Part014	NominalWPPReplayChunk016Compact001Part014.lean	4B0D74CCCDCD006BF73C2B5974C5389CB4A870E336D1BC31DFF0A426FEE3D567	receipt-resource-exact	112
NominalWPPReplayChunk016Compact001Part015	NominalWPPReplayChunk016Compact001Part015.lean	E0D9EC2C5750050A3188A193532E4EDC6DFECB68F5668265B32B4428567B887A	receipt-resource-exact	112
NominalWPPReplayChunk016Compact001Part016	NominalWPPReplayChunk016Compact001Part016.lean	E845F4777D63E319B4A9A2DDEAF462C190E0373BD5C68130A5F1B52C60356CEB	receipt-resource-exact	112
NominalWPPReplayChunk016Compact001Part017	NominalWPPReplayChunk016Compact001Part017.lean	046A1E41E82D6EE71286D9630CD0C6784A7C337CDD700673A7AF371CAAF6CBA4	receipt-resource-exact	112
NominalWPPReplayChunk016Compact001Part018	NominalWPPReplayChunk016Compact001Part018.lean	53FF4577787095F5EFA1494A7BB75D76097466C1FB172A18D89965071F8EFCB7	receipt-resource-exact	112
NominalWPPReplayChunk016Compact001Part019	NominalWPPReplayChunk016Compact001Part019.lean	30AFC287129583D654E60FC2FF013016031D3AC8CEEEEB8BB33E49D27771A5AD	receipt-resource-exact	112
NominalWPPReplayChunk016Compact001Part020	NominalWPPReplayChunk016Compact001Part020.lean	E4A001698EA196C8A2A091EE5163C0FFA445C37EDE0869CC062824243C946D8F	receipt-resource-exact	112
NominalWPPReplayChunk016Compact001Part021	NominalWPPReplayChunk016Compact001Part021.lean	3D1CE3A3D02CA208AB6171D8AFA29EEB7AB3731D02040987A65402380CA2F950	receipt-resource-exact	112
NominalWPPReplayChunk016Compact001Part022	NominalWPPReplayChunk016Compact001Part022.lean	C0247436CA03E529C5B901F0A3CE2F0288B2D3B9CDA9A512D76F9780AB884D3D	receipt-resource-exact	112
NominalWPPReplayChunk016Compact001Part023	NominalWPPReplayChunk016Compact001Part023.lean	96418938834864A6351F9EE50FF841F8885E6E182F26C1A9C784ABD816FCB9FB	receipt-resource-exact	112
NominalWPPReplayChunk016Compact001Part024	NominalWPPReplayChunk016Compact001Part024.lean	0ED4F68B02A298C66FC8F47B897DD225A0BF23384C5FE5DC117A75A20C5E87DB	receipt-resource-exact	112
NominalWPPReplayChunk016Compact001Part025	NominalWPPReplayChunk016Compact001Part025.lean	111680F994DAF5AF1700DF99A34C0CE114F0EECFDA25DBDCA81DACD0A836A7BD	receipt-resource-exact	112
NominalWPPReplayChunk016Compact001Part026	NominalWPPReplayChunk016Compact001Part026.lean	3482EECDBF68D93E8837619982E352125DE8A69AAAE4220407B7BDEDEB5B30EB	receipt-resource-exact	112
NominalWPPReplayChunk016Compact001Part027	NominalWPPReplayChunk016Compact001Part027.lean	27A622C9DB4FAA4EECF13D6BC903898792BEB758C5AA8F087010DF8EACA1459A	receipt-resource-exact	112
NominalWPPReplayChunk016Compact001Part028	NominalWPPReplayChunk016Compact001Part028.lean	CECDB4768733134377900E7CE1844088093DDFE61A1F0DD08A1B1C0D4C701062	receipt-resource-exact	112
NominalWPPReplayChunk016Compact001Part029	NominalWPPReplayChunk016Compact001Part029.lean	1BAB863E3BFE4BB292BEB35F63FED721CDBEF96E40B0DF32BBF0B0F55822D6ED	receipt-resource-exact	112
NominalWPPReplayChunk016Compact001Part030	NominalWPPReplayChunk016Compact001Part030.lean	ACF5A9DD8F3691266272991062E92B77970D032C52AAE3ADF2103F29E9AEBE7E	receipt-resource-exact	112
NominalWPPReplayChunk016Compact001Part031	NominalWPPReplayChunk016Compact001Part031.lean	B97D2A7F06EBDD0DB63DF56C664E30328A1C160F28499B8FF382BD495B6D147C	receipt-resource-exact	112
NominalWPPReplayChunk016Compact001Part032	NominalWPPReplayChunk016Compact001Part032.lean	1AE47E7CEEE57D8934698FE42A3480CD8D8C47C4CE686E5B3D3DB58436AD1EAE	receipt-resource-exact	112
NominalWPPReplayChunk016Compact001Part033	NominalWPPReplayChunk016Compact001Part033.lean	B06ED70B5015567C84B33CA0F796601BD276271CE898817EC6EA41FE80CABB80	receipt-resource-exact	112
NominalWPPReplayChunk016Compact001Part034	NominalWPPReplayChunk016Compact001Part034.lean	57691C667260E07099C35CD95B564F79FD233E6FE2BD0B15976DA4BD4F972C47	receipt-resource-exact	112
NominalWPPReplayChunk016Compact001Part035	NominalWPPReplayChunk016Compact001Part035.lean	02871A1544BA491FFE67A45793C89ABA50937A2DB635D13C63E8AFDA17D00FF5	receipt-resource-exact	112
NominalWPPReplayChunk016Compact001Part036	NominalWPPReplayChunk016Compact001Part036.lean	E0D3CCBEE809BF4232084820F9FC7ADF7625348CC976EB0E7D4B0DD311CC5C31	receipt-resource-exact	112
NominalWPPReplayChunk016Compact001Part037	NominalWPPReplayChunk016Compact001Part037.lean	7FB518D3AE2D751DBAC71DDC98D46A9F031F233339399E11E9E3BA11BEBA75E7	receipt-resource-exact	112
NominalWPPReplayChunk016Compact001Part038	NominalWPPReplayChunk016Compact001Part038.lean	BD5317B3D79EE374698C9241554730B3E11F4DAB7B8CBFDDD6D21D9D5DF395A7	receipt-resource-exact	112
NominalWPPReplayChunk016Compact001Part039	NominalWPPReplayChunk016Compact001Part039.lean	CC3FAB93F2D4BB2E2B4D5C2A54517CBD65253A491E3E405E9FE293642CFF263A	receipt-resource-exact	112
NominalWPPReplayChunk016Compact001Part040	NominalWPPReplayChunk016Compact001Part040.lean	5EEEEB76C3B0448BD809EADB72662270688D392A25B3BE05795A115DC23F942F	receipt-resource-exact	112
NominalWPPReplayChunk016Compact001Part041	NominalWPPReplayChunk016Compact001Part041.lean	4A909EB6744C29ECACEFC40BCC3D2E9447DC572E979E8C077B14662079700A09	receipt-resource-exact	112
NominalWPPReplayChunk016Compact001Part042	NominalWPPReplayChunk016Compact001Part042.lean	CCBCE0308325DE6B46044601E756D956C57D13C497D4A115FA95AB140703AF02	receipt-resource-exact	112
NominalWPPReplayChunk016Compact001Part043	NominalWPPReplayChunk016Compact001Part043.lean	0770ED398D51F278D27C61E667BD6F7564E886BD3D299C806E2CE2831B228D20	receipt-resource-exact	112
NominalWPPReplayChunk016Compact001Part044	NominalWPPReplayChunk016Compact001Part044.lean	38CB4339DCD21473D29B9609489B7EA32B61F356EB410230B84DB9FDFEBECEC9	receipt-resource-exact	112
NominalWPPReplayChunk016Compact001Part045	NominalWPPReplayChunk016Compact001Part045.lean	1C03D20C260AE1619FC30C4D7DB7D36C39EA73BC973B7CE0A9992877903A215A	receipt-resource-exact	112
NominalWPPReplayChunk016Compact001Part046	NominalWPPReplayChunk016Compact001Part046.lean	6E8C6E78010FC8AFD1BC5BFE5035F8AEE8DBC83E2413A0864EBF68120EE3C7CA	receipt-resource-exact	112
NominalWPPReplayChunk016Compact001Part047	NominalWPPReplayChunk016Compact001Part047.lean	2FA14F7969FFE1E797A9621D95D01067E61A317E533EC0FF72E35C9E80AD420E	receipt-resource-exact	112
NominalWPPReplayChunk016Compact001Part048	NominalWPPReplayChunk016Compact001Part048.lean	A8C3D1202298530041D5DB2A9D964863CED215FCC282414600BF426B945BA467	receipt-resource-exact	112
NominalWPPReplayChunk016Compact001Part049	NominalWPPReplayChunk016Compact001Part049.lean	028DD4D1D992377C7A1E24F8B0E3E2950942A81E1E69D2CD63889CCA6C3B4AFE	receipt-resource-exact	112
NominalWPPReplayChunk016Compact001Part050	NominalWPPReplayChunk016Compact001Part050.lean	C43779593E7A63DAC2BEC9B3A84742FC3FFF607D07A29F4D0BE89E1815D715AD	receipt-resource-exact	112
NominalWPPReplayChunk016Compact001Part051	NominalWPPReplayChunk016Compact001Part051.lean	8736348F00A657FD0EDF9F24C45E85C5F7F76C9FD781745A7EAE58FFBC27DDE6	receipt-resource-exact	112
NominalWPPReplayChunk016Compact001Part052	NominalWPPReplayChunk016Compact001Part052.lean	A4BFA1811D1E6B5880B74B8D4D411F45A856B9CBAC256D597E8DC4CAFA2C95F6	receipt-resource-exact	112
NominalWPPReplayChunk016Compact001Part053	NominalWPPReplayChunk016Compact001Part053.lean	08991A76E93AE133205DDEED323A52B13E50C08772D7F56317953A46EF2F8377	receipt-resource-exact	112
NominalWPPReplayChunk016Compact001Part054	NominalWPPReplayChunk016Compact001Part054.lean	178917F716DE2B382087C3D3FE45CB7CFDDCE2A4F1185BD97EB6814E91D3761B	receipt-resource-exact	112
NominalWPPReplayChunk016Compact001Part055	NominalWPPReplayChunk016Compact001Part055.lean	86156F1D1F7E54261049AB25D4BCB28EE6268D9CCFD28EC3146F018F64002776	receipt-resource-exact	112
NominalWPPReplayChunk016Compact001Part056	NominalWPPReplayChunk016Compact001Part056.lean	8FCE864E002732502F00893ADB1DC292259AF8F56BDDD0CB8BDCD3EF365EE35C	receipt-resource-exact	112
NominalWPPReplayChunk016Compact001Part057	NominalWPPReplayChunk016Compact001Part057.lean	8AE6285AA0030D28856C32532BF963D9F14A522F616A67049A8E6AFA8BF9596C	receipt-resource-exact	112
NominalWPPReplayChunk016Compact001Part058	NominalWPPReplayChunk016Compact001Part058.lean	C348356ED5B73E6F2DD956D14FF9CB601A85BDDA1E41C38317773BCFA96502D5	receipt-resource-exact	112
NominalWPPReplayChunk016Compact001Part059	NominalWPPReplayChunk016Compact001Part059.lean	812FA8128D025D167B820E2D7B206BBA0098DA59B939EAD919FCCA178A924858	receipt-resource-exact	112
NominalWPPReplayChunk016Compact001Part060	NominalWPPReplayChunk016Compact001Part060.lean	24329EF0C318DC007A19F25CCD1116EA05139484807140C1022459A5A8CAEF8B	receipt-resource-exact	112
NominalWPPReplayChunk016Compact001Part061	NominalWPPReplayChunk016Compact001Part061.lean	FCAFCC08F26EB514EF08D19B370B23ECAF5A47E5D3DC64EFCA6B94F034CD40E9	receipt-resource-exact	112
NominalWPPReplayChunk016Compact001Part062	NominalWPPReplayChunk016Compact001Part062.lean	4CCCCA0C3D85573C32AFA1A19555481922570263386FF6A0F29109326E40F2C6	receipt-resource-exact	112
NominalWPPReplayChunk016Compact001Part063	NominalWPPReplayChunk016Compact001Part063.lean	6EA272FED04ED95EE81C4DE313C0B114CA62EC710C3CCA741A36EF754A4CDEC7	receipt-resource-exact	112
NominalWPPReplayChunk016Compact001Part064	NominalWPPReplayChunk016Compact001Part064.lean	878A019A573533C402AC21F85F02CA55AB616DD2F833D4CFE62E7AF7A4C73F34	receipt-resource-exact	112
NominalWPPReplayChunk016Compact001Part065	NominalWPPReplayChunk016Compact001Part065.lean	E6D322CA0ED2D9EF0836D5AD65D0327EA8C6C68D0F4E6A3BC5A6DFE3FB833870	receipt-resource-exact	112
NominalWPPReplayChunk016Compact001Part066	NominalWPPReplayChunk016Compact001Part066.lean	D26DE9DE28AE1E985F64C5854A4A15EFFEC8317BA6664963E9E2C11C14C0AB8E	receipt-resource-exact	112
NominalWPPReplayChunk016Compact001Part067	NominalWPPReplayChunk016Compact001Part067.lean	51D417AEF657E814F2A40ED09B8473CB7291BD8E095BDE0C1CF3B4B8DEC76109	receipt-resource-exact	112
NominalWPPReplayChunk016Compact001Part068	NominalWPPReplayChunk016Compact001Part068.lean	2A0CDE6D51684D01728A353A7C54F311E722E26CB6438556301945EA8BE89169	receipt-resource-exact	112
NominalWPPReplayChunk016Compact001Part069	NominalWPPReplayChunk016Compact001Part069.lean	92AEEFB8452A7D40C37604A0C65E243255D2AC1840A327BE12577D9CD4EE187B	receipt-resource-exact	112
NominalWPPReplayChunk016Compact001Part070	NominalWPPReplayChunk016Compact001Part070.lean	990C7F1BF955A00A29DFC70FDEEF1A2BDBAC986C0FDD0760A1AABAAEAA6A2770	receipt-resource-exact	112
NominalWPPReplayChunk016Compact001Part071	NominalWPPReplayChunk016Compact001Part071.lean	780E0BB35C0D2F1D1604E57576E395470A60078B2F2111A0295D88892FA6508F	receipt-resource-exact	112
NominalWPPReplayChunk016Compact001Part072	NominalWPPReplayChunk016Compact001Part072.lean	25F595E8209E46C0D48EDE996BD54F9E7CCA9B6D3063DB900777CA9A6A0E7966	receipt-resource-exact	112
NominalWPPReplayChunk017Compact001	NominalWPPReplayChunk017Compact001.lean	F00FE23F522F6972D0BFF5D0F37E5DC8A6DB0FCBDDBD53DAD63C3AF19992ABBC	receipt-resource-exact	3
NominalWPPReplayChunk017Compact001Part001	NominalWPPReplayChunk017Compact001Part001.lean	AAC8FD9C259DA9CBA39D87E8E9063D2656F5A2FE9495FA00DFD114B5300C43A9	receipt-resource-exact	112
NominalWPPReplayChunk017Compact001Part002	NominalWPPReplayChunk017Compact001Part002.lean	F41E94159BF869055878774D3C2FCBEC8E174963E6ABB8D447ADE307A5148967	receipt-resource-exact	112
NominalWPPReplayChunk017Compact001Part003	NominalWPPReplayChunk017Compact001Part003.lean	3A9A33FDEDC3BE94A39CA65DFCF8292353FE3C312ADFA3956E5178DAED18F33A	receipt-resource-exact	112
NominalWPPReplayChunk017Compact001Part004	NominalWPPReplayChunk017Compact001Part004.lean	3F5D61FC66DF49DFD68E0E5BE46146FDAC36D9C48E6923A68883FF361A1E26BB	receipt-resource-exact	112
NominalWPPReplayChunk017Compact001Part005	NominalWPPReplayChunk017Compact001Part005.lean	5FB07216A248467D9780CA29D092021653725C50A91DC8A65F544D8100829E53	receipt-resource-exact	112
NominalWPPReplayChunk017Compact001Part006	NominalWPPReplayChunk017Compact001Part006.lean	0245A3603AB734463A2BAE577699E550D3E1385C23332A176A6F0F771798F44C	receipt-resource-exact	112
NominalWPPReplayChunk017Compact001Part007	NominalWPPReplayChunk017Compact001Part007.lean	E58A240C93ED58AF64A454F9F9196C4FB9E5FD5906530D1FF01D0D969CA1D727	receipt-resource-exact	112
NominalWPPReplayChunk017Compact001Part008	NominalWPPReplayChunk017Compact001Part008.lean	7F7BD54D98E4D2AE9318BA7C8C153C07F83F47B5BAF29960022CF31834A21D70	receipt-resource-exact	112
NominalWPPReplayChunk017Compact001Part009	NominalWPPReplayChunk017Compact001Part009.lean	2D5C9C58BA3213A810EBF978DF7B0B7EDE1DB3D9A117E25A744851AC51EC0B93	receipt-resource-exact	112
NominalWPPReplayChunk017Compact001Part010	NominalWPPReplayChunk017Compact001Part010.lean	F83EC9AA2552116DD1053340726A8E919C52B81448FA678D7C5666C1E3A43C8B	receipt-resource-exact	112
NominalWPPReplayChunk017Compact001Part011	NominalWPPReplayChunk017Compact001Part011.lean	F23DD6109D299E3D6F692CADC0CB4BF14C78B9849E31435627B6E7ACB2C22229	receipt-resource-exact	112
NominalWPPReplayChunk017Compact001Part012	NominalWPPReplayChunk017Compact001Part012.lean	A52CF3495B7DFE92ECBAD4007B2FDD024E2C81E9337261E5B57F8E39DD33F802	receipt-resource-exact	112
NominalWPPReplayChunk017Compact001Part013	NominalWPPReplayChunk017Compact001Part013.lean	F7F237101A8B46EA8DF7B52E6F7E95EC1226D89DBEACE50FDF2BEA116234CD71	receipt-resource-exact	112
NominalWPPReplayChunk017Compact001Part014	NominalWPPReplayChunk017Compact001Part014.lean	525F4C0EC7D5143758B31D849AEFEA359989AB9A4619CD6B5DBB44A8759737DD	receipt-resource-exact	112
NominalWPPReplayChunk017Compact001Part015	NominalWPPReplayChunk017Compact001Part015.lean	DEDD32F40314CF0FBA76FB671D5E4B4672433B01E491A7E305A6FCCD91DB854D	receipt-resource-exact	112
NominalWPPReplayChunk017Compact001Part016	NominalWPPReplayChunk017Compact001Part016.lean	5C1176A040C0941EBE9DB9FE406B3EA1230C4961F169CB14728EAF213C1C9786	receipt-resource-exact	112
NominalWPPReplayChunk017Compact001Part017	NominalWPPReplayChunk017Compact001Part017.lean	0554E239DABCF535279BE9E1764945EB19190D6F87D86E6A4789A730777FE5F7	receipt-resource-exact	112
NominalWPPReplayChunk017Compact001Part018	NominalWPPReplayChunk017Compact001Part018.lean	AC88FF0F98DE5CF8585A874CEE394B2780A3CA15473B7663A98FB7920B102281	receipt-resource-exact	112
NominalWPPReplayChunk017Compact001Part019	NominalWPPReplayChunk017Compact001Part019.lean	0F2E4D6F3F41E4B0A3535877270FE5BB871B0BBA84F300D8BCEABDB5FBF41576	receipt-resource-exact	112
NominalWPPReplayChunk017Compact001Part020	NominalWPPReplayChunk017Compact001Part020.lean	8331334532DDBE0B5FDFC390A987C794DDE54E65C2F53ACEB02A274C89BECE1C	receipt-resource-exact	112
NominalWPPReplayChunk017Compact001Part021	NominalWPPReplayChunk017Compact001Part021.lean	E791F1B604E5E4CB81EDD683F901C12C2E6FE559A956EBA80065FDDF99A7C945	receipt-resource-exact	112
NominalWPPReplayChunk017Compact001Part022	NominalWPPReplayChunk017Compact001Part022.lean	01DD69CB69CF77AB52A0C811F2BFB59E48EB43334B2CFF2E2EED90DADF1466BD	receipt-resource-exact	112
NominalWPPReplayChunk017Compact001Part023	NominalWPPReplayChunk017Compact001Part023.lean	4020273AA5FD235C9A58D4044830120B0062A0D4EC2DD9003CC64F474E789579	receipt-resource-exact	112
NominalWPPReplayChunk017Compact001Part024	NominalWPPReplayChunk017Compact001Part024.lean	2DFF70277312E163A005EE407B2ACB3CF618CA33047BDD49F68C784363F31D88	receipt-resource-exact	112
NominalWPPReplayChunk017Compact001Part025	NominalWPPReplayChunk017Compact001Part025.lean	572DD2A69BD81510A0FF5C762B4A69411839230A27E5DBAE6707B1CC34053A95	receipt-resource-exact	112
NominalWPPReplayChunk017Compact001Part026	NominalWPPReplayChunk017Compact001Part026.lean	28CFE6A5C1F83BF40C77874141DAD621DBB986C1C3EB8D4CEE82C28692193E11	receipt-resource-exact	112
NominalWPPReplayChunk017Compact001Part027	NominalWPPReplayChunk017Compact001Part027.lean	2D372FE5487EBBC1A303A2BAD1D7A8D6DFFA41D4785F22C95E89AC44B2CCDDDA	receipt-resource-exact	112
NominalWPPReplayChunk017Compact001Part028	NominalWPPReplayChunk017Compact001Part028.lean	F6B978BECA1079B184BE50577192E2C0E048A627883BACB84538A094BAB286C7	receipt-resource-exact	112
NominalWPPReplayChunk017Compact001Part029	NominalWPPReplayChunk017Compact001Part029.lean	78E82C9E2261C9CEC18EEF4155B1FEA0605953516FC52E2E547F6131E64B4803	receipt-resource-exact	112
NominalWPPReplayChunk017Compact001Part030	NominalWPPReplayChunk017Compact001Part030.lean	48FE7DD77556A17529D53F02C09643CF0469A2DBE8DDD16A1BF23F2DD4C78DC0	receipt-resource-exact	112
NominalWPPReplayChunk017Compact001Part031	NominalWPPReplayChunk017Compact001Part031.lean	C915FCC0B89D8853C8E3A74B5ABB0EA424A3B4996B2C5857EF945C7195DD5A87	receipt-resource-exact	112
NominalWPPReplayChunk017Compact001Part032	NominalWPPReplayChunk017Compact001Part032.lean	CE5725DC38DA848ADE2C1F014CD2F56443649D73061AF0B0043984376770E894	receipt-resource-exact	112
NominalWPPReplayChunk017Compact001Part033	NominalWPPReplayChunk017Compact001Part033.lean	A5E4D37972C979C2434C5502B806C2F2D28F3008CEC3DBCF5B9DF531A550DCC5	receipt-resource-exact	112
NominalWPPReplayChunk017Compact001Part034	NominalWPPReplayChunk017Compact001Part034.lean	2E76AD91273092701807BA7926B468D0254688B5B2CD01AFDADC902E2C588567	receipt-resource-exact	112
NominalWPPReplayChunk017Compact001Part035	NominalWPPReplayChunk017Compact001Part035.lean	6EBC3F0771E5FF58A8343BD42AE5CEF2D747D2D38A84B14D51875D55A28FAA42	receipt-resource-exact	112
NominalWPPReplayChunk017Compact001Part036	NominalWPPReplayChunk017Compact001Part036.lean	B2E6499F9F2E203B936D8BB25A2A4088FC54C4F9B477174A40AF988C31F418C2	receipt-resource-exact	112
NominalWPPReplayChunk017Compact001Part037	NominalWPPReplayChunk017Compact001Part037.lean	3C8FB100A3C6D097633A64F5DAD9598D8795B0A41F11AB3DEF2A87659DA17A7E	receipt-resource-exact	112
NominalWPPReplayChunk017Compact001Part038	NominalWPPReplayChunk017Compact001Part038.lean	44821F09F6E31182A9C0F7A92682ED392DF6DDC352CA6B7552186D0E349D818C	receipt-resource-exact	112
NominalWPPReplayChunk017Compact001Part039	NominalWPPReplayChunk017Compact001Part039.lean	80DC62974F7F1D10DF0EDB5CE4D22003919CF971C73ACB441333088BEC1CC374	receipt-resource-exact	112
NominalWPPReplayChunk017Compact001Part040	NominalWPPReplayChunk017Compact001Part040.lean	684AC94A1CE57639B3F1FB04B9D62EF767FD218DE080B62B2C2230AFE3E102A2	receipt-resource-exact	112
NominalWPPReplayChunk017Compact001Part041	NominalWPPReplayChunk017Compact001Part041.lean	9B7C2E10D9A5D1DDB1C5945C65DFD6F47649220E83D89C6A0EF7BD5F25ED1F5D	receipt-resource-exact	112
NominalWPPReplayChunk017Compact001Part042	NominalWPPReplayChunk017Compact001Part042.lean	A196E342E4C31E6C5ED4C70028DB6D9D56258FD4589D20CBEA4A7FABDA6BA73B	receipt-resource-exact	112
NominalWPPReplayChunk017Compact001Part043	NominalWPPReplayChunk017Compact001Part043.lean	8C1E324EBC468D90B509C9ECAB6ECE7076F3A70C08A0510B6C60CFE63B03C67E	receipt-resource-exact	112
NominalWPPReplayChunk017Compact001Part044	NominalWPPReplayChunk017Compact001Part044.lean	91B82DCFC4BB48E627746B1CBC2D05501427C6A5FD7280F178937F71189A5E6D	receipt-resource-exact	112
NominalWPPReplayChunk017Compact001Part045	NominalWPPReplayChunk017Compact001Part045.lean	1E194F6AAACF2DB4E693F3F20D02429E1D7BD4114F749C09346890FCC469F15E	receipt-resource-exact	112
NominalWPPReplayChunk017Compact001Part046	NominalWPPReplayChunk017Compact001Part046.lean	8721E6F1C147B198BB4FABB38E1B25D791EF93658291631DE05DD8E0BE5EBA8C	receipt-resource-exact	112
NominalWPPReplayChunk017Compact001Part047	NominalWPPReplayChunk017Compact001Part047.lean	26F51057864884B0DDD2B11E69902D93DDB6AF7C299E2D20218E311C928D33F9	receipt-resource-exact	112
NominalWPPReplayChunk017Compact001Part048	NominalWPPReplayChunk017Compact001Part048.lean	316237272D3939702338B11336EC1A15F4D97AFA9141D02E58FD0E798886F0AC	receipt-resource-exact	112
NominalWPPReplayChunk017Compact001Part049	NominalWPPReplayChunk017Compact001Part049.lean	58C7AEC1DE549F89CE8B04E3B8D1D1CDB8CD025D0EFC7CB202F35E57659EB255	receipt-resource-exact	112
NominalWPPReplayChunk017Compact001Part050	NominalWPPReplayChunk017Compact001Part050.lean	DEFAC4E544EF54E9BA1BFBF1010E68028345326C1D6731D189F88F924253BF05	receipt-resource-exact	112
NominalWPPReplayChunk017Compact001Part051	NominalWPPReplayChunk017Compact001Part051.lean	C197C5E6922475E1FD76913C40163CB48CB7D8846C6758E97DF890534EEDE32F	receipt-resource-exact	112
NominalWPPReplayChunk017Compact001Part052	NominalWPPReplayChunk017Compact001Part052.lean	BF8338F3EE24D1D5126C5F5647CC3A21C27131B697D37EF3F9E21FC0185B610E	receipt-resource-exact	112
NominalWPPReplayChunk017Compact001Part053	NominalWPPReplayChunk017Compact001Part053.lean	D0BC948D72D042FEAFBCDC339D8FC84B4898C90321AA8D0E27A05782CFB1B25B	receipt-resource-exact	112
NominalWPPReplayChunk017Compact001Part054	NominalWPPReplayChunk017Compact001Part054.lean	BC3F03C42C14052E356EB1E2C6E61DBF4F0D20C8E76A85E8DBF10E293B67D097	receipt-resource-exact	112
NominalWPPReplayChunk017Compact001Part055	NominalWPPReplayChunk017Compact001Part055.lean	1547CF448D9BADAAA777A13AA2687F64FC729A8FE7AB369F3D7418335130A55D	receipt-resource-exact	112
NominalWPPReplayChunk017Compact001Part056	NominalWPPReplayChunk017Compact001Part056.lean	EEF96D88B1064124F1B7DD75C256A3308693603F0776D3484B587313EE92D9FE	receipt-resource-exact	112
NominalWPPReplayChunk017Compact001Part057	NominalWPPReplayChunk017Compact001Part057.lean	C1448EFC80C27C2B62560BD4429FF392F1F3EA7F540A7C9665DB9FB471D6B1C1	receipt-resource-exact	112
NominalWPPReplayChunk017Compact001Part058	NominalWPPReplayChunk017Compact001Part058.lean	E0160645C24F22E5D261208BA1F2DBAC16D33991FAEBC00B4CDC5654078A46D3	receipt-resource-exact	112
NominalWPPReplayChunk017Compact001Part059	NominalWPPReplayChunk017Compact001Part059.lean	8378853D1643E03FD2D3EB63FA214DA707274172BA656FA1D7291CAE752E3EB3	receipt-resource-exact	112
NominalWPPReplayChunk017Compact001Part060	NominalWPPReplayChunk017Compact001Part060.lean	0D2C09D0F0BBCB13F1F3B269099FEB41EE4FEDC827054A437E381D0FDAD27F22	receipt-resource-exact	112
NominalWPPReplayChunk017Compact001Part061	NominalWPPReplayChunk017Compact001Part061.lean	43F07A7D04A88D8E49BB60A88F5314A5E29F76E2092D15839EAC932B9D8BB5E7	receipt-resource-exact	112
NominalWPPReplayChunk017Compact001Part062	NominalWPPReplayChunk017Compact001Part062.lean	846453BE3D3561483F8C5AADB65D5C45672B7831C2A9C30CB15C0F14AD53E882	receipt-resource-exact	112
NominalWPPReplayChunk017Compact001Part063	NominalWPPReplayChunk017Compact001Part063.lean	3E2802607522FBC89F06927E77F04F2A02F6F9B7EDA1904509FC9589F7C74348	receipt-resource-exact	112
NominalWPPReplayChunk017Compact001Part064	NominalWPPReplayChunk017Compact001Part064.lean	E8BE279BB84A26DDC47DEA03AF07F773A169CE9499AB7D5E1A7BA3EBCDD18709	receipt-resource-exact	112
NominalWPPReplayChunk017Compact001Part065	NominalWPPReplayChunk017Compact001Part065.lean	C6CB4B8C4F20FB19F0F81FA39B796794AC607B3EFD4489FA0F194A336B08C148	receipt-resource-exact	112
NominalWPPReplayChunk017Compact001Part066	NominalWPPReplayChunk017Compact001Part066.lean	4E72F5D6D4941B90DEF542FD1FB3A54DED801F729B5E657844B9C966F32D00E9	receipt-resource-exact	112
NominalWPPReplayChunk017Compact001Part067	NominalWPPReplayChunk017Compact001Part067.lean	07248B521BF1D7B937A795870D7CFA68A0E69EC6233B042ED0D08299C2CCA870	receipt-resource-exact	112
NominalWPPReplayChunk017Compact001Part068	NominalWPPReplayChunk017Compact001Part068.lean	B5515DE3638FBF294FE3752C175E867F269EBA4C0DF705A1F1847CC4BD1E8964	receipt-resource-exact	112
NominalWPPReplayChunk017Compact001Part069	NominalWPPReplayChunk017Compact001Part069.lean	E79682C8C3E9C4595B9964AF44FAB59592CDDCCFC472814BBD5280418DA4599C	receipt-resource-exact	112
NominalWPPReplayChunk017Compact001Part070	NominalWPPReplayChunk017Compact001Part070.lean	33DF2D466654D58CF86F0319E4A962806CE9ACF70C63846EF5C28050751516E2	receipt-resource-exact	112
NominalWPPReplayChunk017Compact001Part071	NominalWPPReplayChunk017Compact001Part071.lean	0FC4BA7DAFE26C7CC34A1CC69300E39D7460A2CC3AABE72A3F5B1B05A5D42196	receipt-resource-exact	112
NominalWPPReplayChunk017Compact001Part072	NominalWPPReplayChunk017Compact001Part072.lean	97BF65210400B96B429CB97590FA1ADCDA30308F94E96DBD0CA66F57B5B1BEA3	receipt-resource-exact	112
NominalWPPReplayChunk017Compact001Part073	NominalWPPReplayChunk017Compact001Part073.lean	EDCE2554193B6E59217B3B7A53CEF6E22CEABA07D92D15B71437EFF397FC9686	receipt-resource-exact	112
NominalWPPReplayChunk017Compact001Part074	NominalWPPReplayChunk017Compact001Part074.lean	4E70007390CA20768E90B1EA42EC4B590FB4BBB5B66B28716D37D51EC86DFDE6	receipt-resource-exact	112
NominalWPPReplayChunk017Compact001Part075	NominalWPPReplayChunk017Compact001Part075.lean	4CB5846E93E66566B790069A886278CC3CDB44781A84ECA56B6044F184FF52CF	receipt-resource-exact	112
NominalWPPReplayChunk017Compact001Part076	NominalWPPReplayChunk017Compact001Part076.lean	1080E14126EC5CFBA4FF3950DF6B37DD99A633973BFF27419CA9E8CA2F9856BA	receipt-resource-exact	112
NominalWPPReplayChunk017Compact001Part077	NominalWPPReplayChunk017Compact001Part077.lean	D09B5583A285238C50321CF9ED474BBF14BB430E9B8809395CDE50F4938FB01B	receipt-resource-exact	112
NominalWPPReplayChunk017Compact001Part078	NominalWPPReplayChunk017Compact001Part078.lean	00DE8D88D14C105A5742B31DE43395B6B64824133EB6EE0AD91D91C94B260358	receipt-resource-exact	112
NominalWPPReplayChunk017Compact001Part079	NominalWPPReplayChunk017Compact001Part079.lean	29DD2C20538EE0ADE72F75A6F15114F3B28D37736D5AAF53C005725153F98387	receipt-resource-exact	112
NominalWPPReplayChunk017Compact001Part080	NominalWPPReplayChunk017Compact001Part080.lean	030F58A47C7D1963E880A297676DFFE6A9722AC6C4C42BA696A9EDDF7F26D123	receipt-resource-exact	112
NominalWPPReplayChunk017Compact001Part081	NominalWPPReplayChunk017Compact001Part081.lean	0385833A9B84DFFCF378B6987E48DBD9965C89A818F2C46418938CE841EC193A	receipt-resource-exact	112
NominalWPPReplayChunk017Compact001Part082	NominalWPPReplayChunk017Compact001Part082.lean	9CA5D37681AC5E95708662BF39ABF0EFE0AF26F1930610116C0B15AC832EB89B	receipt-resource-exact	112
NominalWPPReplayChunk017Compact001Part083	NominalWPPReplayChunk017Compact001Part083.lean	2BDCA675BFA25B6BD20B9BFE170D5912FC47B7416C3D393DEA704877BAEBF563	receipt-resource-exact	112
NominalWPPReplayChunk017Compact001Part084	NominalWPPReplayChunk017Compact001Part084.lean	4DED673B49652C216E954611BAD4E37DDF8A38978C66365FED8B4D5D24605DCB	receipt-resource-exact	112
NominalWPPReplayChunk017Compact001Part085	NominalWPPReplayChunk017Compact001Part085.lean	62442C380786D7D1BB2192D03EA19A517DA3FB5DB6B15AAAB4F02C8620182A48	receipt-resource-exact	112
NominalWPPReplayChunk017Compact001Part086	NominalWPPReplayChunk017Compact001Part086.lean	9EDE97B69F5AA3D581FAAE0912F7B4182B672E032BD3CE1F259D2A87D5EF6F8F	receipt-resource-exact	112
NominalWPPReplayChunk017Compact001Part087	NominalWPPReplayChunk017Compact001Part087.lean	4A1D9832CF1A61C6796E4D1884B12A984B676ABDFEA78D1A637CB60767201A56	receipt-resource-exact	112
NominalWPPReplayChunk017Compact001Part088	NominalWPPReplayChunk017Compact001Part088.lean	89A6F4304784F0F8D6D542FB46D926B9AD4D9E521EF047709753AD00042FA642	receipt-resource-exact	112
NominalWPPReplayChunk017Compact001Part089	NominalWPPReplayChunk017Compact001Part089.lean	C74F5E43A3E28FD499CDC34140C9C6E3E63F19C617807EC76FF44064893052D4	receipt-resource-exact	112
NominalWPPReplayChunk017Compact001Part090	NominalWPPReplayChunk017Compact001Part090.lean	A4E1EC669AC5D08DBEF2AE9EAAD1E06E06F2096DDDA7FB5812E3B0B9D6215555	receipt-resource-exact	112
NominalWPPReplayChunk017Compact001Part091	NominalWPPReplayChunk017Compact001Part091.lean	24AAD7CB3199C5F88FF237ED673E6E7D0689640383FC0BF4EDF6FCF1B5A03D27	receipt-resource-exact	112
NominalWPPReplayChunk017Compact001Part092	NominalWPPReplayChunk017Compact001Part092.lean	82BEA41367E617F5539A3ACFACEB3FFEF716BF5EDB45E03BEE417339196A5E4B	receipt-resource-exact	112
NominalWPPReplayChunk017Compact001Part093	NominalWPPReplayChunk017Compact001Part093.lean	A3E07F9A7A8E1EEDA415272F46C8FCC2418BD386BE635BCCFF4FA23520DAFB87	receipt-resource-exact	112
NominalWPPReplayChunk017Compact001Part094	NominalWPPReplayChunk017Compact001Part094.lean	20C9158BD236ECA30A53508F4D1EAEA1DB2C7401FEBA62D7D99EF93318A3A9EB	receipt-resource-exact	112
NominalWPPReplayChunk017Compact001Part095	NominalWPPReplayChunk017Compact001Part095.lean	9FF023046E06E1D02A3E32FBDCEEBB6F65D08D1263077870DB12D9819103168D	receipt-resource-exact	112
NominalWPPReplayChunk018Compact001	NominalWPPReplayChunk018Compact001.lean	D549ACE24BD40B5E4C8D422CCEC54AA128B41A85FF28393F0A54C43FA6C2F8EB	receipt-resource-exact	3
NominalWPPReplayChunk018Compact001Part001	NominalWPPReplayChunk018Compact001Part001.lean	A9782A12DF7A3842C792E75C67835F3EE5345D35719E6CF9DD38AD000C472DE5	receipt-resource-exact	112
NominalWPPReplayChunk018Compact001Part002	NominalWPPReplayChunk018Compact001Part002.lean	CDF3F363A81F2E7BA206B736282FD3C360B4D37F71259901F43873514972E615	receipt-resource-exact	112
NominalWPPReplayChunk018Compact001Part003	NominalWPPReplayChunk018Compact001Part003.lean	5C09B85D3A13B2BDF59135F178B59E233BC825BA5508DB639793782F2B4FE97C	receipt-resource-exact	112
NominalWPPReplayChunk018Compact001Part004	NominalWPPReplayChunk018Compact001Part004.lean	366D0667A8D38AD4CA6AB12C4A7094910E1B9E95241BAC7DABE2C11DD26C5277	receipt-resource-exact	112
NominalWffPrf	NominalWffPrf.lean	987B1BDE1815040729F21006FF8D52F63AA7975B3ED3516B2F3A51CDA44F9979	unique-workspace-basename	5
PartialTotalizationBridgeDev002	PartialTotalizationBridgeDev002.lean	7971E1BA54D26FC7CCA403A7A3F53799A4EB86EB063BF3AF7264FD9B2F087644	unique-workspace-basename	4
ReplaySupport.Basic	ReplaySupport/Basic.lean	0580AC831CA6652265A1B24AC03FC11F62A144D701E968CBF9ACFF15DABAEF9E	same-directory	3
SemanticCore.Basic	SemanticCore/Basic.lean	7B07C81047FE070E4A5865502F1023A6292AB0A9E11D69ADB36667D2FFC27C07	build-layout	3
SemanticCore.LiteralFoundation	SemanticCore/LiteralFoundation.lean	C7013B6A5A5EC58C42DAC5578C5B441891C9D0D6C107E85C74436BFA321EE626	build-layout	4
SemanticCore.Lowering	SemanticCore/Lowering.lean	AFB196AC7C4F34C33B2114AC8E9529992E8CF7B97FE8A825ABE345781FA7D6D3	build-layout	3
SemanticCore.PartialLowering	SemanticCore/PartialLowering.lean	0CF0E3712FE31233FDE1C9A14AD9DDF48D719D93368AA64678433E9BD4713D0A	build-layout	3
WPPCompactSourceSyntax	WPPCompactSourceSyntax.lean	EED1484C89AF7BA7186B2D022C4D6BE5CB1156EA07B9423CD22D6D714A219CE1	same-directory	3
WPPCompactSyntaxFVExplicit	WPPCompactSyntaxFVExplicit.lean	2E0C321BA7C80D941ABA929B1CD261F86C3E5525B4C23BEF3277686C25583005	deterministic-split-facade	1
WPPCompactSyntaxFVExplicitPart001	WPPCompactSyntaxFVExplicitPart001.lean	35D7322965C12D902CBF9EF0D59C62A96646326F77A6E039223C9B502A261D2D	deterministic-split-part	2
WPPCompactSyntaxFVExplicitPart002	WPPCompactSyntaxFVExplicitPart002.lean	EBC2A49D1C790C8B07DBB5A0938AB5DB669CDC4B5268FA90889778ACFD8DFBB4	deterministic-split-part	1
WPPCompactSyntaxFVExplicitPart003	WPPCompactSyntaxFVExplicitPart003.lean	05BFA2F416891AAA3D084AABAA9796E168FED217E1F737484EB07996E7FD8F54	deterministic-split-part	1
WPPCompactSyntaxFVExplicitPart004	WPPCompactSyntaxFVExplicitPart004.lean	ED73579627B26414AD2A4429AF191B13CE4605C09AFF8BCBD45264546F8AEC7D	deterministic-split-part	1
WPPCompactSyntaxFVExplicitPart005	WPPCompactSyntaxFVExplicitPart005.lean	BB6E8A14D6B92EE7C5850DB52E1E4A80D3934F90CA673C0B84DFD30C0A0CE964	deterministic-split-part	1
WPPCompactSyntaxFVExplicitPart006	WPPCompactSyntaxFVExplicitPart006.lean	BC1C0AA2F2F082C3087A21DC72E826C40B716A0F8AEEE48D68F4290DCE9EDDBD	deterministic-split-part	1
WPPCompactSyntaxFVExplicitPart007	WPPCompactSyntaxFVExplicitPart007.lean	F7ABDECEE31C123C318366B9740F8E692BDF5DA5A7DAD9A2AE4830DD3E15047F	deterministic-split-part	1
WPPCompactSyntaxFVExplicitPart008	WPPCompactSyntaxFVExplicitPart008.lean	8F3D5DDE519C0F5E3FE787CA0DCDC63FAE354CBF3F26F068B8D6A00A8E296218	deterministic-split-part	1
WPPCompactSyntaxFVExplicitPart009	WPPCompactSyntaxFVExplicitPart009.lean	F82A7FD75FFB4C9ADE3F5BD829B63284C25947FD0995A19C011BDF86F854D94B	deterministic-split-part	1
WPPCompactSyntaxFVExplicitPart010	WPPCompactSyntaxFVExplicitPart010.lean	29E20DA7DD737F0514D4ECB1F639F30742CFE6662E6298C8DD71EC804E994C7F	deterministic-split-part	1
exact_literal_trial.NFChoiceExactLiteral	exact_literal_trial/NFChoiceExactLiteral.lean	1E98C0E0B9BA90B9501A7160DFE27D836B86E78698F00C1D9DB43160FC83574A	same-directory	3
